origin,Adang Bay,Asam Asam,Bahudopi,Balikpapan,Bangkok,Batangas,Belawan,Bengalon,Binh Thuan (Vinh Tan),Bintulu,Bitung,Bontang,Bunati,Bunyu,Cagayan de Oro,Cai Mep,Campha,Cebu,Chittagong,Cigading,Cirebon,Colombo,Da Nang,Davao,Dumai,Dung Quat,General Santos,Go Gia,Gresik,Ha Long,Hai Phong,Hambantota,Ho Chi Minh City,Hon La,Iligan,Iloilo City,Isabel,Kauswagan,Kemaman,Kendari,Ko Por Anchorage,Koh Sichang,Kotabaru,Kualatanjung,Kuantan,Kupang,Labuan,Laem Chabang,Lahad Datu,Laut Island,Limay,Lumut (Malaysia),Makassar,Malita,Manila,Map Ta Phut,Mariveles,Masinloc,Merak,Mongla,Muara Banyuasin,Muara Berau,Muara Jawa,Muara Pantai,Muara Satui,Naga (Cebu),Nasipit,Nghi Son,Ozamiz,Pagbilao,Palembang,Pasir Gudang,Payra,Pelabuhan Ratu,Penang,Phu My,Pomalaa,Port Dickson,Port Kelang,Prachuap,Quezon,Quy Nhon,Samarinda,Sandakan,Sangi,Sangkulirang,Sarasin,Sattahip,Semarang,Senipah Terminal,Sihanoukville,Singapore,Son Duong,Songkhla,Sorong,Sual (Lingayen bay),Surabaya,Taboneo - Banjarmasin,Tagoloan,Tanjung Bara CT,Tanjung Pelepas,Tarahan,Tarakan Island,Tawau,Teluk Bayur,Thilawa,Toledo (Philippines),Trincomalee,Villanueva (Mindanao Island),Vung Ang,Westport (Malaysia),Yangon,Zamboanga
Adang Bay,0.0,854.1,1303.5,122.4,2737.9,1734.2,2094.1,623.8,3218.2,2798.9,1369.4,565.2,896.9,1021.6,1718.8,3213.9,3851.4,1629.8,3652.7,1463.6,1793.2,4235.0,3462.9,1414.3,1816.5,3462.4,1364.9,3099.2,1412.6,3835.2,3113.6,3611.2,2559.3,2974.1,1611.6,1619.3,1829.5,1610.3,2017.3,1076.9,2711.9,2714.8,504.6,2030.1,2032.5,1374.9,1817.5,2718.4,1104.3,504.2,1764.8,1994.8,581.1,1362.3,1794.8,2744.0,1756.4,1801.6,1462.7,3804.6,1602.3,1130.1,553.4,192.4,882.8,1622.9,1688.4,3173.7,1609.7,1715.4,1646.3,1657.8,3760.5,1584.0,2530.9,3220.3,941.4,1810.6,1976.8,2809.1,1715.6,3222.4,550.3,1587.7,1673.5,645.2,2492.3,2727.4,1473.5,134.4,2479.4,1640.8,3107.5,2389.7,1700.5,2011.2,1417.6,795.9,1712.3,798.7,1641.7,1468.1,1042.5,1044.0,2143.6,3158.9,1637.0,3789.5,1708.1,2979.7,1975.0,3169.0,1338.7
Asam Asam,854.1,0.0,1394.9,764.1,2210.4,2008.2,1566.6,897.8,3141.1,2721.8,1596.2,839.2,208.4,1295.6,1992.8,3136.8,3774.3,1903.9,3125.2,936.1,1716.1,3707.5,3385.8,1688.3,1289.1,3385.3,1638.9,2600.5,1335.5,3758.1,2614.9,3083.7,2031.9,2475.4,1885.6,1893.3,2103.5,1884.3,1489.8,1168.3,2184.5,2187.4,582.7,1502.6,1505.0,1415.5,1736.5,2191.0,1378.3,582.3,2038.8,1467.3,672.4,1636.4,2068.8,2216.5,2030.4,2075.6,935.2,3277.1,1074.8,1404.1,827.4,834.2,194.3,1896.9,1962.4,2675.0,1883.8,1989.4,1118.8,1130.4,3233.0,1283.9,2003.4,3143.2,1032.8,1283.2,1449.3,2281.6,1989.6,3145.3,824.3,1861.7,1947.5,919.2,1964.8,2199.9,1396.4,776.2,1951.9,1113.4,2608.8,1862.2,1791.8,2285.2,1340.5,107.4,1986.3,1072.7,1114.3,940.6,1316.5,1318.0,1616.1,2631.4,1911.0,3262.0,1982.1,2481.0,1447.5,2641.5,1612.7
Bahudopi,1303.5,1394.9,0.0,1213.5,3469.3,1699.7,3544.7,1347.1,3344.9,2580.9,595.6,1288.5,1437.6,1308.1,1583.6,3533.6,3978.1,1503.0,5103.3,2684.3,2917.2,5685.6,3589.6,1035.2,2548.0,3589.1,985.8,3940.6,2141.7,3961.9,3955.0,5061.7,3565.0,3815.5,1484.8,1528.6,1495.5,1483.5,2748.8,499.6,3443.4,3446.3,1227.9,3480.7,2763.9,953.9,1871.4,3449.9,1390.7,1227.5,1782.6,2726.2,849.1,983.3,1812.6,3475.5,1774.2,1819.4,4632.6,5255.2,4772.2,1416.6,1276.7,1283.6,1423.5,1496.1,1553.2,3934.0,1482.9,1680.8,4816.2,2389.3,5211.1,2804.7,3262.4,3540.1,917.6,2542.1,2708.3,4259.7,1681.1,3349.1,1273.7,1641.6,1538.3,1368.5,3942.9,3458.9,2597.5,1225.5,3210.8,2372.3,3948.9,3121.2,927.5,2029.0,2146.7,1336.6,1577.1,1395.3,2373.2,4638.0,1328.9,1330.5,3155.1,4609.5,1510.2,5240.1,1572.9,3821.1,2706.4,4619.6,1116.9
Balikpapan,122.4,764.1,1213.5,0.0,2647.9,1644.2,2004.1,533.8,3128.2,2708.9,1279.4,475.2,806.9,931.6,1628.8,3123.9,3761.4,1539.8,3562.7,1373.6,1703.2,4145.0,3372.9,1324.3,1726.5,3372.4,1274.9,3009.2,1322.6,3745.2,3023.5,3521.2,2469.3,2884.0,1521.6,1529.3,1739.5,1520.3,1927.3,986.9,2621.9,2624.8,414.6,1940.1,1942.4,1284.9,1727.5,2628.4,1014.3,414.2,1674.8,1904.8,491.1,1272.3,1704.8,2654.0,1666.4,1711.6,1372.7,3714.6,1512.3,1040.1,463.4,102.4,792.8,1532.9,1598.4,3083.7,1519.7,1625.4,1556.2,1567.8,3670.5,1494.0,2440.9,3130.3,851.4,1720.6,1886.8,2719.1,1625.6,3132.4,460.3,1497.7,1583.5,555.2,2402.3,2637.4,1383.5,44.4,2389.4,1550.8,3017.5,2299.7,1610.5,1921.2,1327.6,705.9,1622.3,708.7,1551.7,1378.1,952.5,954.0,2053.6,3068.9,1547.0,3699.5,1618.1,2889.7,1885.0,3079.0,1248.7
Bangkok,2737.9,2210.4,3469.3,2647.9,0.0,3525.9,1569.2,2972.2,1212.1,1900.8,3670.7,2913.6,2253.1,3370.1,3510.4,841.0,1845.2,3421.5,3127.8,1889.9,2350.2,3710.1,1456.7,3696.9,1314.1,1456.2,3647.5,1807.7,2119.4,1829.0,1822.1,3086.2,872.4,1682.6,3403.2,3411.0,3621.1,3402.0,829.7,3922.8,89.0,91.8,2466.4,1505.2,844.9,4220.7,1853.5,95.5,3452.7,2466.0,3371.5,1492.3,3426.9,3645.0,3401.5,121.0,3363.0,3408.2,1889.0,3279.7,1429.6,3478.6,2901.9,2717.9,2239.0,3414.6,3480.0,1882.3,3401.4,3507.0,1473.6,1155.4,3235.6,2237.7,663.2,847.5,3787.2,1308.2,1474.4,163.6,3507.3,1216.3,2898.8,2911.1,3465.2,2993.7,1967.4,104.4,2618.7,2659.9,371.9,1138.4,1816.1,522.0,3866.3,3597.5,2124.3,2152.2,3503.9,3147.2,1139.3,1894.4,3390.9,3392.5,2569.9,2634.0,3428.6,3264.6,3499.7,1688.3,1472.5,2644.1,3225.7
Batangas,1734.2,2008.2,1699.7,1644.2,3525.9,0.0,3317.9,1398.6,3396.3,1792.8,1168.2,1340.0,2051.0,1003.5,802.8,3585.0,4029.5,713.9,4876.5,2735.7,2968.6,5458.8,3641.0,1082.7,2604.6,3640.5,1033.3,3992.0,2193.1,4013.3,4006.4,4834.9,3616.4,3866.9,695.6,341.2,794.2,694.4,2805.4,1805.1,3500.0,3502.9,1658.7,3253.9,2820.5,2162.4,1083.3,3506.5,1086.2,1658.3,357.3,2782.8,1735.2,1030.7,387.3,3532.1,348.9,394.1,4689.2,5028.4,4828.8,1112.0,1328.2,1714.3,2036.9,707.0,772.4,3990.6,693.8,182.7,4872.8,2445.9,4984.3,2856.1,3319.0,3591.5,2095.5,2598.7,2764.9,4032.9,182.9,3400.5,1325.1,853.5,757.6,1420.0,3716.1,3515.5,2648.9,1656.3,3267.4,2428.9,4000.3,3177.8,1567.6,603.7,2198.1,1950.0,796.3,1228.7,2429.8,4694.6,1024.4,1025.9,3211.7,4382.7,721.0,5013.3,792.1,3872.5,2763.0,4392.8,611.4
Belawan,2094.1,1566.6,3544.7,2004.1,1569.2,3317.9,0.0,2328.5,1655.1,1402.4,3027.0,2269.9,1609.3,2726.4,2866.7,1381.7,2288.2,2777.8,1876.7,1246.1,1706.4,2459.0,1899.8,3053.2,356.0,1899.2,3003.8,2250.8,1475.6,2272.1,2265.1,1835.1,1413.1,2125.6,2759.5,2767.3,2977.4,2758.3,871.1,2599.1,1543.3,1546.2,1822.6,254.1,886.3,2780.2,1553.5,1549.8,2809.0,1822.2,2727.8,241.2,2103.2,3001.3,2757.8,1575.3,2719.3,2764.5,1245.2,2028.6,785.9,2834.9,2258.2,2074.2,1595.2,2770.9,2836.3,2325.3,2757.7,2863.3,829.8,511.6,1984.4,1593.9,1362.2,1388.2,2463.5,350.1,223.2,1617.9,2863.6,1659.3,2255.1,2267.4,2821.5,2350.0,716.3,1558.7,1974.9,2016.2,1333.2,494.6,2259.1,1221.0,3222.6,2953.8,1480.6,1508.4,2860.2,2503.5,495.5,1250.6,2747.2,2748.8,1660.8,1382.9,2784.9,2013.4,2856.0,2131.3,221.4,1392.9,2582.0
Bengalon,623.8,897.8,1347.1,533.8,2972.2,1398.6,2328.5,0.0,3261.8,2842.5,1033.8,183.6,940.5,686.0,1383.1,3257.5,3895.0,1294.2,4606.2,1507.3,1836.8,5188.5,3506.5,1078.7,2050.9,3506.0,1029.2,2763.6,1456.2,3878.8,2777.9,4564.6,2388.0,2638.4,1275.9,1283.7,1493.8,1274.7,2251.7,1120.6,2946.3,2949.2,548.3,2983.6,2266.8,1418.6,1481.9,2952.8,768.6,547.8,1429.2,2229.1,624.7,1026.7,1459.2,2978.4,1420.8,1466.0,4135.5,4758.1,4275.1,794.5,171.9,603.9,926.4,1287.3,1352.7,3436.9,1274.1,1379.8,4319.1,1892.2,4714.0,1627.6,2765.3,3263.9,985.1,2045.0,2211.2,3762.6,1380.0,3266.0,168.8,1252.0,1337.9,263.7,3445.8,2961.8,1517.1,545.9,2713.7,1875.2,2771.9,2624.1,1563.6,1675.6,1461.2,839.6,1376.6,463.1,1876.1,4140.9,706.9,708.4,2658.0,4112.4,1301.3,4743.0,1372.4,2644.1,2209.3,4122.5,1003.1
Binh Thuan (Vinh Tan),3218.2,3141.1,3344.9,3128.2,1212.1,3396.3,1655.1,3261.8,0.0,1206.6,3031.5,3203.2,3183.8,3659.7,3380.9,462.1,906.6,3292.0,3213.7,1754.7,2215.0,3796.0,518.1,3076.4,1377.5,517.5,3027.0,869.1,1913.8,890.4,883.4,3172.2,493.5,743.9,3273.7,3281.4,3491.6,3272.4,1170.2,3118.4,1186.1,1189.0,3142.7,1591.1,1185.4,3416.3,4440.4,1192.6,3742.3,3142.2,3426.9,1555.8,2961.5,3024.5,3456.9,1218.2,3418.5,4439.6,1753.8,3365.6,1493.1,3768.2,3191.4,3198.3,3169.7,3285.0,3350.5,943.6,3271.9,3377.5,1537.0,1218.8,3321.5,2102.5,1140.4,468.5,2982.8,1371.6,1537.8,2370.1,3377.7,277.6,3188.4,4225.7,3335.6,3283.3,2053.3,1201.6,2483.5,3140.2,868.2,1201.8,877.4,999.2,3561.3,3673.3,1918.8,1946.6,3374.4,3436.8,1202.7,1759.2,3680.5,3682.1,2434.7,2719.9,3299.1,3350.5,3370.2,749.6,1536.0,2730.0,3000.8
Bintulu,2798.9,2721.8,2580.9,2708.9,1900.8,1792.8,1402.4,2842.5,1206.6,0.0,2049.4,2783.9,2764.5,3240.4,1777.3,1395.2,1839.7,1688.4,2961.0,1335.4,1795.6,3543.3,1451.3,1963.9,1124.8,1450.7,1914.4,1802.2,1494.4,1823.6,1816.6,2919.5,1426.7,1677.1,1670.1,1677.9,1888.0,1668.9,1180.2,2427.1,1874.8,1877.7,2723.4,1338.4,1195.4,2608.2,4021.1,1881.3,3323.0,2722.9,1638.4,1303.1,2542.2,1911.9,1668.4,1906.9,1630.0,4020.3,1334.5,3112.9,1240.4,3348.9,2772.1,2779.0,2750.4,1681.5,1746.9,1876.8,1668.3,1774.0,1284.4,966.1,3068.8,1683.1,1693.8,1401.7,2291.6,1118.9,1285.1,2117.4,1774.2,1210.8,2769.1,3806.4,1732.1,2864.0,1800.6,1890.3,2064.1,2720.9,1642.3,949.2,1810.6,1552.6,2448.8,1864.4,1499.4,1527.2,1770.8,3017.5,950.0,1339.8,3261.2,3262.8,2015.4,2467.2,1695.5,3097.8,1766.6,1682.8,1283.3,2477.3,1492.6
Bitung,1369.4,1596.2,595.6,1279.4,3670.7,1168.2,3027.0,1033.8,3031.5,2049.4,0.0,975.2,1638.9,776.6,1052.1,3220.2,3664.7,971.6,5133.1,2370.9,2603.8,5715.4,3276.2,503.8,2749.4,3275.7,454.4,3627.2,1828.3,3648.5,3641.6,5091.5,3251.6,3502.1,953.3,997.2,964.1,952.1,2950.2,701.0,3644.8,3647.7,1293.9,3510.5,2965.3,1058.4,1340.0,3651.3,859.3,1293.5,1251.2,2927.6,1050.4,451.8,1281.1,3676.9,1242.7,1287.9,4834.0,5285.0,4973.6,885.1,963.4,1349.5,1624.8,964.7,1021.7,4135.4,951.5,1149.4,5017.6,2590.7,5240.9,2491.3,3463.8,3226.7,1118.9,2743.5,2909.7,4289.5,1149.6,3035.7,960.3,1110.1,1006.9,1055.2,3972.7,3660.3,2284.1,1291.5,3412.2,2573.7,3635.5,3322.6,655.9,1497.6,1833.3,1538.0,1045.6,863.9,2574.6,4839.4,797.5,799.0,3356.5,4639.3,978.7,5269.9,1041.4,3507.7,2907.8,4649.4,585.5
Bontang,565.2,839.2,1288.5,475.2,2913.6,1340.0,2269.9,183.6,3203.2,2783.9,975.2,0.0,881.9,627.4,1324.5,3198.9,3836.4,1235.6,4547.6,1448.6,1778.2,5129.9,3447.9,1020.0,1992.3,3447.4,970.6,2704.9,1397.6,3820.2,2719.3,4506.0,2329.4,2579.8,1217.3,1225.1,1435.2,1216.1,2193.1,1062.0,2887.7,2890.6,489.7,2925.0,2208.2,1360.0,1423.2,2894.2,710.0,489.2,1370.6,2170.5,566.1,968.1,1400.6,2919.8,1362.2,1407.4,4076.9,4699.5,4216.5,735.9,113.3,545.3,867.8,1228.7,1294.1,3378.3,1215.5,1321.1,4260.5,1833.6,4655.4,1569.0,2706.7,3205.3,926.4,1986.4,2152.6,3704.0,1321.4,3207.4,110.2,1193.4,1279.3,205.1,3387.2,2903.2,1458.5,487.2,2655.1,1816.6,2713.3,2565.5,1505.0,1617.0,1402.6,780.9,1318.0,404.5,1817.5,4082.3,648.2,649.8,2599.4,4053.8,1242.7,4684.4,1313.8,2585.5,2150.7,4063.9,944.5
Bunati,896.9,208.4,1437.6,806.9,2253.1,2051.0,1609.3,940.5,3183.8,2764.5,1638.9,881.9,0.0,1338.3,2035.5,3179.5,3817.0,1946.6,3167.9,978.9,1758.8,3750.2,3428.5,1731.0,1331.8,3428.0,1681.6,2643.2,1378.2,3800.8,2657.6,3126.4,2074.6,2518.1,1928.3,1936.0,2146.2,1927.0,1532.6,1211.0,2227.2,2230.1,625.4,1545.3,1547.7,1458.2,1779.3,2233.7,1421.0,625.0,2081.6,1510.0,715.2,1679.1,2111.5,2259.2,2073.1,2118.3,978.0,3319.8,1117.5,1446.8,870.1,876.9,237.0,1939.7,2005.1,2717.7,1926.5,2032.1,1161.5,1173.1,3275.7,1326.6,2046.2,3185.9,1075.5,1325.9,1492.0,2324.3,2032.4,3188.0,867.1,1904.4,1990.3,961.9,2007.5,2242.6,1439.1,818.9,1994.6,1156.1,2651.6,1904.9,1834.6,2328.0,1383.2,150.1,2029.0,1115.4,1157.0,983.3,1359.2,1360.8,1658.8,2674.1,1953.7,3304.7,2024.8,2523.7,1490.2,2684.2,1655.4
Bunyu,1021.6,1295.6,1308.1,931.6,3370.1,1003.5,2726.4,686.0,3659.7,3240.4,776.6,627.4,1338.3,0.0,988.1,3655.4,4292.9,899.2,4879.9,1905.1,2234.7,5462.2,3904.4,779.6,2448.8,3903.9,730.2,2368.5,1854.1,4276.7,2382.8,4838.3,1992.9,2243.4,880.9,888.6,1098.8,879.7,2649.6,1413.5,3344.2,3347.1,946.1,3257.3,2664.7,1770.8,1086.8,3350.7,137.0,945.7,1034.1,2627.0,1022.5,727.6,1064.1,3376.3,1025.7,1070.9,4533.4,5031.8,4673.0,162.8,615.6,1001.7,1324.2,892.3,957.7,3834.8,879.1,984.7,4717.0,2290.1,4987.7,2025.5,3163.2,3661.8,1382.9,2442.9,2609.1,4036.3,984.9,3663.9,612.5,857.0,942.8,707.4,3719.5,3359.7,1915.0,943.7,3111.6,2273.1,2376.8,3022.0,1264.5,1280.5,1859.1,1237.4,981.6,516.1,2274.0,4538.8,75.2,76.7,3055.9,4386.1,906.3,5016.7,977.4,2249.0,2607.2,4396.2,640.6
Cagayan de Oro,1718.8,1992.8,1583.6,1628.8,3510.4,802.8,2866.7,1383.1,3380.9,1777.3,1052.1,1324.5,2035.5,988.1,0.0,3569.6,4014.1,280.4,4861.0,2720.3,2953.2,5443.3,3625.6,767.3,2589.1,3625.1,717.9,3976.6,2177.7,3997.9,3991.0,4819.4,3601.0,3851.5,262.1,631.8,275.5,260.9,2789.9,1689.0,3484.5,3487.4,1643.2,3238.4,2805.0,2046.3,1067.9,3491.0,1070.7,1642.8,885.8,2767.3,1719.7,715.3,915.7,3516.6,877.3,922.5,4673.7,5012.9,4813.3,1096.6,1312.7,1698.9,2021.4,273.5,134.4,3975.1,260.3,784.0,4857.3,2430.4,4968.8,2840.7,3303.5,3576.1,2080.0,2583.2,2749.4,4017.4,784.2,3385.1,1309.7,838.0,119.6,1404.6,3700.6,3500.0,2633.5,1640.8,3251.9,2413.4,3984.9,3162.3,1343.6,1132.2,2182.7,1934.5,158.3,1213.2,2414.3,4679.1,1008.9,1010.5,3196.2,4367.2,287.5,4997.8,154.1,3857.1,2747.5,4377.3,503.7
Cai Mep,3213.9,3136.8,3533.6,3123.9,841.0,3585.0,1381.7,3257.5,462.1,1395.2,3220.2,3198.9,3179.5,3655.4,3569.6,0.0,1095.2,3480.7,2940.3,1680.0,2140.2,3522.6,706.8,3265.1,1104.1,706.2,3215.7,1057.7,1909.4,1079.1,1072.1,2898.8,122.4,932.6,3462.4,3470.1,3680.3,3461.1,799.1,3307.1,815.1,818.0,3138.4,1317.7,814.3,3605.0,4436.1,821.6,3738.0,3137.9,3615.6,1282.4,2957.2,3213.2,3645.6,847.1,3607.2,4435.3,1679.1,3092.2,1219.7,3763.9,3187.1,3194.0,3165.4,3473.7,3539.2,1132.3,3460.6,3566.2,1263.7,945.4,3048.1,2027.7,769.4,97.5,3171.5,1098.2,1264.4,2096.7,3566.4,466.3,3184.1,4221.4,3524.3,3279.0,1779.9,830.5,2408.7,3135.9,497.1,928.5,1066.1,628.2,3750.0,3862.0,1914.4,1942.2,3563.1,3432.5,929.3,1684.4,3676.2,3677.8,2359.9,2446.5,3487.8,3077.1,3558.9,938.3,1262.6,2456.6,3189.5
Campha,3851.4,3774.3,3978.1,3761.4,1845.2,4029.5,2288.2,3895.0,906.6,1839.7,3664.7,3836.4,3817.0,4292.9,4014.1,1095.2,0.0,3925.2,3846.8,2387.9,2848.1,4429.1,508.3,3709.6,2010.7,507.7,3660.2,47.2,2546.9,68.5,61.6,3805.3,1126.6,317.4,3906.9,3914.6,4124.8,3905.6,1803.3,3751.6,1819.3,1822.2,3775.9,2224.2,1818.5,4049.5,5073.6,1825.8,4375.5,3775.4,4060.1,2188.9,3594.7,3657.7,4090.1,1851.3,4051.7,5072.8,2387.0,3998.7,2126.2,4401.4,3824.6,3831.5,3802.9,3918.2,3983.7,198.8,3905.1,4010.7,2170.2,1852.0,3954.6,2735.6,1773.6,1101.7,3616.0,2004.8,2170.9,3003.2,4010.9,910.8,3821.6,4858.9,3968.8,3916.5,2686.4,1834.7,3116.6,3773.4,1501.3,1835.0,55.6,1632.4,4194.5,4306.5,2551.9,2579.7,4007.6,4070.0,1835.9,2392.3,4313.7,4315.3,3067.9,3353.0,3932.3,3983.6,4003.4,323.0,2169.1,3363.1,3634.0
Cebu,1629.8,1903.9,1503.0,1539.8,3421.5,713.9,2777.8,1294.2,3292.0,1688.4,971.6,1235.6,1946.6,899.2,280.4,3480.7,3925.2,0.0,4772.1,2631.4,2864.3,5354.4,3536.7,882.9,2500.2,3536.2,833.5,3887.7,2088.8,3909.0,3902.1,4730.5,3512.1,3762.6,173.2,542.9,391.1,171.9,2701.0,1608.4,3395.6,3398.5,1554.3,3149.5,2716.1,1965.8,978.9,3402.1,981.8,1553.9,796.8,2678.4,1630.8,830.9,826.8,3427.7,788.4,833.6,4584.8,4924.0,4724.4,1007.7,1223.8,1609.9,1932.5,184.6,250.0,3886.2,171.4,695.1,4768.4,2341.5,4879.9,2751.8,3214.6,3487.2,1991.1,2494.3,2660.5,3928.5,695.3,3296.2,1220.7,749.1,235.2,1315.6,3611.7,3411.1,2544.6,1551.9,3163.0,2324.5,3896.0,3073.4,1370.9,1043.2,2093.8,1845.6,273.9,1124.3,2325.4,4590.2,920.1,921.6,3107.3,4278.3,198.6,4908.9,269.7,3768.2,2658.6,4288.4,414.7
Chittagong,3652.7,3125.2,5103.3,3562.7,3127.8,4876.5,1876.7,4606.2,3213.7,2961.0,5133.1,4547.6,3167.9,4879.9,4861.0,2940.3,3846.8,4772.1,0.0,2804.7,3265.0,2206.7,3458.4,4611.8,1914.6,3457.8,4562.4,3809.4,3034.2,3830.7,3823.7,1582.8,2971.7,3684.2,4318.1,4325.9,4536.0,4316.9,2429.7,4157.7,3101.9,3104.8,3381.2,1812.7,2444.9,4338.8,3112.1,3108.4,4367.6,3380.8,4286.4,1799.8,3661.8,4559.9,4316.4,3133.9,4277.9,4323.1,2803.8,241.9,2344.5,4393.5,3816.8,3632.8,3153.8,4329.5,4394.9,3883.9,4316.3,4421.9,2388.4,2070.2,197.8,3152.5,2920.8,2946.8,4022.1,1908.7,1781.8,3176.6,4422.2,3217.9,3813.7,3826.0,4380.1,3908.6,1444.1,3117.3,3533.5,3574.8,2891.8,2053.2,3817.7,2779.6,4781.2,4512.4,3039.2,3067.0,4418.8,4062.1,2054.1,2809.2,4305.8,4307.4,2388.6,1035.9,4343.5,1539.5,4414.6,3689.9,1780.0,1046.0,4140.6
Cigading,1463.6,936.1,2684.3,1373.6,1889.9,2735.7,1246.1,1507.3,1754.7,1335.4,2370.9,1448.6,978.9,1905.1,2720.3,1680.0,2387.9,2631.4,2804.7,0.0,561.0,3387.0,1999.4,2415.8,968.6,1998.8,2366.4,2350.4,712.1,2371.7,2364.7,2763.2,1711.4,2225.3,2613.1,2620.8,2831.0,2611.8,1169.4,2457.8,1864.0,1866.9,1192.1,1182.1,1184.5,2755.7,1486.4,1870.5,1987.8,1191.7,2766.3,1146.8,1240.9,2363.9,2796.3,1896.0,2757.9,2223.3,99.9,2956.6,511.0,2013.6,1436.9,1443.7,964.8,2624.4,2689.9,2424.9,2611.3,2716.9,555.0,809.9,2912.5,448.5,1683.0,1686.4,2322.2,962.7,1128.8,1961.1,2717.1,1758.9,1433.8,1726.2,2675.0,1528.7,1644.3,1879.4,829.6,1385.7,1631.4,792.9,2358.7,1541.7,2900.7,3012.7,717.1,877.9,2713.8,1682.2,793.8,105.3,1926.0,1927.5,780.8,2310.9,2638.5,2941.5,2709.6,2230.9,1127.0,2321.0,2340.2
Cirebon,1793.2,1716.1,2917.2,1703.2,2350.2,2968.6,1706.4,1836.8,2215.0,1795.6,2603.8,1778.2,1758.8,2234.7,2953.2,2140.2,2848.1,2864.3,3265.0,561.0,0.0,3847.3,2459.6,2648.7,1428.8,2459.1,2599.3,2810.6,1172.3,2832.0,2825.0,3223.5,2171.6,2685.5,2846.0,2853.7,3063.9,2844.7,1629.6,2690.7,2324.3,2327.1,1717.7,1642.4,1644.8,2988.6,3015.4,2330.7,2317.3,1717.2,2999.2,1607.1,1536.5,2596.8,3029.2,2356.3,2990.8,3014.6,560.1,3416.9,971.3,2343.2,1766.4,1773.3,1744.7,2857.3,2922.8,2885.2,2844.2,2949.8,1015.3,1270.1,3372.8,218.2,2143.2,2146.7,2555.1,1422.9,1589.1,2421.4,2950.0,2219.2,1763.4,2800.7,2907.9,1858.3,2104.6,2339.7,599.2,1715.2,2091.7,1253.1,2819.0,2002.0,3133.6,3245.6,1177.3,1338.1,2946.7,2011.8,1254.0,565.5,2255.5,2257.1,983.7,2771.2,2871.4,3401.8,2942.5,2691.2,1587.3,2781.3,2573.1
Colombo,4235.0,3707.5,5685.6,4145.0,3710.1,5458.8,2459.0,5188.5,3796.0,3543.3,5715.4,5129.9,3750.2,5462.2,5443.3,3522.6,4429.1,5354.4,2206.7,3387.0,3847.3,0.0,4040.7,5194.1,2496.9,4040.1,5144.7,4391.7,3535.3,4413.0,4406.0,752.5,3554.0,4266.5,4900.4,4908.2,5118.3,4899.2,3012.0,4740.0,3684.2,3687.1,3963.5,2395.0,3027.2,4921.1,3694.4,3690.7,4949.9,3963.1,4868.7,2382.1,4244.1,5142.2,4898.7,3716.2,4860.2,4905.4,3386.1,2205.4,2926.8,4975.8,4399.1,4215.1,3736.1,4911.8,4977.2,4466.2,4898.6,5004.2,2970.7,2652.5,2161.3,3734.8,3503.2,3529.1,4604.4,2491.0,2364.1,3758.9,5004.5,3800.2,4396.0,4408.3,4962.4,4490.9,2026.4,3699.6,4115.8,4157.1,3474.1,2635.5,4400.0,3361.9,5363.5,5094.7,3540.2,3649.3,5001.1,4644.4,2636.4,3391.5,4888.1,4889.7,2327.8,2253.8,4925.8,930.8,4996.9,4272.2,2362.3,2263.9,4722.9
Da Nang,3462.9,3385.8,3589.6,3372.9,1456.7,3641.0,1899.8,3506.5,518.1,1451.3,3276.2,3447.9,3428.5,3904.4,3625.6,706.8,508.3,3536.7,3458.4,1999.4,2459.6,4040.7,0.0,3321.1,1622.2,119.3,3271.7,470.8,2158.5,492.1,485.2,3416.9,738.2,345.7,3518.4,3526.1,3736.3,3517.1,1414.9,3363.1,1430.8,1433.7,3387.4,1835.8,1430.0,3661.0,4685.1,1437.3,3987.0,3386.9,3671.6,1800.4,3206.2,3269.2,3701.6,1462.9,3663.2,4684.3,1998.5,3610.3,1737.8,4012.9,3436.1,3443.0,3414.4,3529.7,3595.2,545.3,3516.6,3622.2,1781.7,1463.5,3566.2,2347.1,1385.1,713.2,3227.5,1616.3,1782.5,2614.8,3622.4,522.3,3433.1,4470.4,3580.3,3528.0,2298.0,1446.3,2728.2,3384.9,1112.8,1446.5,479.1,1243.9,3806.0,3918.0,2163.4,2191.3,3619.1,3681.5,1447.4,2003.9,3925.2,3926.8,2679.4,2964.6,3543.8,3595.2,3614.9,351.3,1780.6,2974.7,3245.5
Davao,1414.3,1688.3,1035.2,1324.3,3696.9,1082.7,3053.2,1078.7,3076.4,1963.9,503.8,1020.0,1731.0,779.6,767.3,3265.1,3709.6,882.9,4611.8,2415.8,2648.7,5194.1,3321.1,0.0,2775.6,3320.6,169.5,3672.1,1873.2,3693.4,3686.5,5005.9,3296.5,3547.0,864.6,911.6,679.2,863.4,2976.4,1140.6,3671.0,3673.9,1338.8,3424.9,2991.5,1498.0,1254.4,3677.5,862.3,1338.4,1165.6,2953.8,1415.2,167.0,1195.6,3703.1,1157.2,1202.4,4860.2,5199.4,4999.8,888.1,1008.3,1394.4,1716.9,876.0,736.9,4161.6,862.8,1063.8,5043.8,2616.9,5155.3,2536.2,3490.0,3271.6,1558.6,2769.7,2935.9,4203.9,1064.1,3080.6,1005.2,1024.6,722.0,1100.1,3887.1,3686.5,2329.0,1336.4,3438.4,2599.9,3680.4,3348.8,795.3,1412.0,1878.2,1630.1,760.8,908.7,2600.8,4865.6,800.5,802.0,3382.7,4553.7,890.0,5184.3,756.6,3552.6,2934.0,4563.8,499.9
Dumai,1816.5,1289.1,2548.0,1726.5,1314.1,2604.6,356.0,2050.9,1377.5,1124.8,2749.4,1992.3,1331.8,2448.8,2589.1,1104.1,2010.7,2500.2,1914.6,968.6,1428.8,2496.9,1622.2,2775.6,0.0,1621.6,2726.2,1973.2,1198.0,1994.5,1987.5,1873.0,1135.5,1848.0,2481.9,2489.7,2699.8,2480.7,593.5,3001.5,1288.2,1291.1,1545.0,292.0,608.7,3299.4,1275.9,1294.7,2531.4,1544.6,2450.2,279.1,2505.6,2723.7,2480.2,1320.2,2441.7,2486.9,967.7,2066.5,508.3,2557.3,1980.6,1796.6,1317.7,2493.3,2558.7,2047.7,2480.1,2585.7,552.3,234.0,2022.4,1316.3,1107.1,1110.6,2865.9,95.0,261.2,1362.8,2586.0,1381.7,1977.5,1989.8,2543.9,2072.4,754.2,1303.6,1697.3,1738.6,1055.6,217.1,1981.5,965.9,2945.0,2676.2,1203.0,1230.8,2582.6,2225.9,217.9,973.0,2469.6,2471.2,1648.5,1420.8,2507.3,2051.4,2578.4,1853.7,259.3,1430.9,2304.4
Dung Quat,3462.4,3385.3,3589.1,3372.4,1456.2,3640.5,1899.2,3506.0,517.5,1450.7,3275.7,3447.4,3428.0,3903.9,3625.1,706.2,507.7,3536.2,3457.8,1998.8,2459.1,4040.1,119.3,3320.6,1621.6,0.0,3271.2,470.2,2157.9,491.6,484.6,3416.3,737.6,345.1,3517.9,3525.6,3735.8,3516.6,1414.3,3362.6,1430.3,1433.2,3386.9,1835.2,1429.5,3660.5,4684.6,1436.8,3986.5,3386.4,3671.1,1799.9,3205.7,3268.7,3701.1,1462.3,3662.7,4683.8,1997.9,3609.7,1737.2,4012.4,3435.6,3442.5,3413.9,3529.2,3594.7,544.8,3516.1,3621.7,1781.2,1462.9,3565.6,2346.6,1384.6,712.7,3227.0,1615.7,1781.9,2614.2,3621.9,521.7,3432.6,4469.9,3579.8,3527.5,2297.4,1445.7,2727.6,3384.4,1112.3,1446.0,478.6,1243.3,3805.5,3917.5,2162.9,2190.7,3618.6,3681.0,1446.8,2003.3,3924.7,3926.3,2678.8,2964.0,3543.3,3594.6,3614.4,350.8,1780.1,2974.1,3245.0
General Santos,1364.9,1638.9,985.8,1274.9,3647.5,1033.3,3003.8,1029.2,3027.0,1914.4,454.4,970.6,1681.6,730.2,717.9,3215.7,3660.2,833.5,4562.4,2366.4,2599.3,5144.7,3271.7,169.5,2726.2,3271.2,0.0,3622.7,1823.8,3644.0,3637.1,4956.5,3247.1,3497.6,815.2,862.2,629.8,814.0,2927.0,1091.2,3621.6,3624.5,1289.4,3375.5,2942.1,1448.6,1205.0,3628.1,812.8,1288.9,1116.2,2904.4,1365.8,117.6,1146.2,3653.7,1107.8,1153.0,4810.8,5150.0,4950.4,838.7,958.9,1345.0,1667.5,826.6,687.5,4112.2,813.4,1014.4,4994.4,2567.5,5105.9,2486.8,3440.6,3222.2,1509.1,2720.3,2886.5,4154.5,1014.7,3031.2,955.8,975.2,672.6,1050.7,3837.7,3637.1,2279.6,1287.0,3389.0,2550.5,3631.0,3299.4,745.9,1362.6,1828.8,1580.7,711.4,859.3,2551.4,4816.2,751.0,752.6,3333.3,4504.3,840.6,5134.9,707.2,3503.2,2884.6,4514.4,450.5
Go Gia,3099.2,2600.5,3940.6,3009.2,1807.7,3992.0,2250.8,2763.6,869.1,1802.2,3627.2,2704.9,2643.2,2368.5,3976.6,1057.7,47.2,3887.7,3809.4,2350.4,2810.6,4391.7,470.8,3672.1,1973.2,470.2,3622.7,0.0,2509.5,31.0,24.1,3767.9,1089.2,279.9,3869.4,3877.1,4087.3,3868.1,1765.9,3714.1,1781.8,1784.7,2856.5,2186.8,1781.0,4012.0,1510.5,1788.3,2451.2,2856.1,4022.6,2151.4,2946.2,3620.2,4052.6,1813.8,4014.2,1507.1,2349.5,3961.3,2088.7,2477.0,2693.2,3079.3,2629.1,3880.7,3946.2,161.4,3867.6,3973.2,2132.7,1814.5,3917.2,2698.1,1736.1,1064.2,3578.5,1967.3,2133.4,2965.8,3973.4,873.3,2690.1,1750.3,3931.3,2785.0,2649.0,1797.2,3079.2,3021.3,1463.8,1797.5,18.1,1594.9,4157.0,4269.0,2514.4,2542.2,3970.1,2593.6,1798.4,2354.9,2389.4,2390.9,3030.4,3315.6,3894.8,3946.2,3965.9,285.5,2131.6,3325.7,3596.5
Gresik,1412.6,1335.5,2141.7,1322.6,2119.4,2193.1,1475.6,1456.2,1913.8,1494.4,1828.3,1397.6,1378.2,1854.1,2177.7,1909.4,2546.9,2088.8,3034.2,712.1,1172.3,3535.3,2158.5,1873.2,1198.0,2157.9,1823.8,2509.5,0.0,2530.8,2523.8,2911.4,1940.8,2384.3,2070.5,2078.2,2288.4,2069.2,1398.8,1915.2,2093.5,2096.3,1337.1,1411.6,1414.0,2213.1,2634.8,2099.9,1936.7,1336.6,2223.7,1376.3,1155.9,1821.3,2253.7,2125.5,2215.3,2634.0,711.2,3186.1,850.8,1962.6,1385.8,1392.7,1364.1,2081.8,2147.3,2584.0,2068.7,2174.3,894.7,1039.3,3142.0,1059.8,1912.4,1915.9,1779.6,1192.1,1358.3,2190.6,2174.5,1918.0,1382.8,2420.1,2132.4,1477.7,1873.8,2108.9,1061.6,1334.6,1860.9,1022.3,2517.8,1771.2,2358.1,2470.1,38.7,336.0,2171.2,1631.2,1023.2,716.6,1874.9,1876.5,1392.1,2540.4,2095.9,3089.7,2167.0,2390.0,1356.5,2550.5,1797.6
Ha Long,3835.2,3758.1,3961.9,3745.2,1829.0,4013.3,2272.1,3878.8,890.4,1823.6,3648.5,3820.2,3800.8,4276.7,3997.9,1079.1,68.5,3909.0,3830.7,2371.7,2832.0,4413.0,492.1,3693.4,1994.5,491.6,3644.0,31.0,2530.8,0.0,45.4,3789.2,1110.5,301.2,3890.7,3898.4,4108.6,3889.4,1787.2,3735.4,1803.1,1806.0,3759.7,2208.1,1802.3,4033.3,5057.4,1809.6,4359.3,3759.2,4043.9,2172.7,3578.5,3641.5,4073.9,1835.2,4035.5,5056.6,2370.8,3982.6,2110.1,4385.2,3808.4,3815.3,3786.7,3902.0,3967.5,182.7,3888.9,3994.5,2154.0,1835.8,3938.5,2719.5,1757.4,1085.5,3599.8,1988.6,2154.8,2987.1,3994.7,894.6,3805.4,4842.7,3952.6,3900.3,2670.3,1818.6,3100.5,3757.2,1485.1,1818.8,39.4,1616.2,4178.3,4290.3,2535.7,2563.6,3991.4,4053.8,1819.7,2376.2,4297.5,4299.1,3051.7,3336.9,3916.1,3967.5,3987.2,306.9,2152.9,3347.0,3617.8
Hai Phong,3113.6,2614.9,3955.0,3023.5,1822.1,4006.4,2265.1,2777.9,883.4,1816.6,3641.6,2719.3,2657.6,2382.8,3991.0,1072.1,61.6,3902.1,3823.7,2364.7,2825.0,4406.0,485.2,3686.5,1987.5,484.6,3637.1,24.1,2523.8,45.4,0.0,3782.2,1103.5,294.2,3883.8,3891.5,4101.7,3882.5,1780.2,3728.5,1796.2,1799.1,2870.8,2201.1,1795.4,4026.4,1524.9,1802.7,2465.5,2870.4,4037.0,2165.8,2960.6,3634.6,4067.0,1828.2,4028.6,1521.5,2363.8,3975.6,2103.1,2491.4,2707.5,3093.6,2643.5,3895.1,3960.6,175.7,3882.0,3987.6,2147.1,1828.8,3931.5,2712.5,1750.5,1078.6,3592.9,1981.6,2147.8,2980.1,3987.8,887.6,2704.5,1764.6,3945.7,2799.3,2663.3,1811.6,3093.5,3035.6,1478.2,1811.9,32.4,1609.3,4171.4,4283.4,2528.8,2556.6,3984.5,2608.0,1812.8,2369.2,2403.7,2405.3,3044.7,3329.9,3909.2,3960.5,3980.3,299.9,2146.0,3340.0,3610.9
Hambantota,3611.2,3083.7,5061.7,3521.2,3086.2,4834.9,1835.1,4564.6,3172.2,2919.5,5091.5,4506.0,3126.4,4838.3,4819.4,2898.8,3805.3,4730.5,1582.8,2763.2,3223.5,752.5,3416.9,5005.9,1873.0,3416.3,4956.5,3767.9,2911.4,3789.2,3782.2,0.0,2930.2,3642.7,4276.6,4284.4,4494.5,4275.4,2388.2,4116.2,3060.3,3063.2,3339.7,1771.1,2403.4,4297.3,3070.6,3066.8,4326.1,3339.3,4244.9,1758.2,3620.3,4518.4,4274.9,3092.4,4236.4,4281.6,2762.3,1581.5,2303.0,4352.0,3775.3,3591.3,3112.3,4288.0,4353.4,3842.4,4274.8,4380.4,2346.9,2028.7,1537.4,3111.0,2879.3,2905.3,3980.6,1867.1,1740.3,3135.0,4380.7,3176.4,3772.2,3784.5,4338.6,3867.1,1402.5,3075.7,3492.0,3533.3,2850.3,2011.7,3776.2,2738.0,4739.7,4470.9,2916.3,3025.5,4377.3,4020.6,2012.6,2767.7,4264.3,4265.9,1703.9,1629.9,4302.0,306.9,4373.1,3648.4,1738.4,1640.0,4099.1
Ho Chi Minh City,2559.3,2031.9,3565.0,2469.3,872.4,3616.4,1413.1,2388.0,493.5,1426.7,3251.6,2329.4,2074.6,1992.9,3601.0,122.4,1126.6,3512.1,2971.7,1711.4,2171.6,3554.0,738.2,3296.5,1135.5,737.6,3247.1,1089.2,1940.8,1110.5,1103.5,2930.2,0.0,964.0,3493.8,3501.5,3711.7,3492.5,830.6,3338.5,846.5,849.4,2287.8,1349.1,845.7,3636.4,1134.9,853.0,2075.6,2287.4,3647.0,1313.8,2377.6,3244.6,3677.0,878.6,3638.6,1225.1,1710.5,3123.6,1251.1,2101.4,2317.6,2539.4,2060.5,3505.1,3570.6,1163.7,3492.0,3597.6,1295.1,976.8,3079.5,2059.1,800.8,128.9,3202.9,1129.6,1295.8,2128.1,3597.8,497.7,2314.5,1374.7,3555.7,2409.4,1811.3,861.9,2440.1,2481.4,528.5,959.9,1097.5,659.6,3781.4,3893.4,1945.8,1973.6,3594.5,2218.0,960.7,1715.8,2013.8,2015.3,2391.3,2477.9,3519.2,3108.5,3590.3,969.7,1294.0,2488.0,3220.9
Hon La,2974.1,2475.4,3815.5,2884.0,1682.6,3866.9,2125.6,2638.4,743.9,1677.1,3502.1,2579.8,2518.1,2243.4,3851.5,932.6,317.4,3762.6,3684.2,2225.3,2685.5,4266.5,345.7,3547.0,1848.0,345.1,3497.6,279.9,2384.3,301.2,294.2,3642.7,964.0,0.0,3744.3,3752.0,3962.2,3743.0,1640.7,3589.0,1656.7,1659.6,2731.3,2061.6,1655.9,3886.9,1385.4,1663.2,2326.0,2730.9,3897.5,2026.3,2821.1,3495.1,3927.5,1688.7,3889.1,1382.0,2224.4,3836.1,1963.6,2351.9,2568.0,2954.1,2504.0,3755.6,3821.1,354.4,3742.5,3848.1,2007.6,1689.4,3792.0,2573.0,1611.0,939.1,3453.4,1842.1,2008.3,2840.6,3848.3,748.1,2565.0,1625.1,3806.2,2659.8,2523.8,1672.1,2954.0,2896.1,1338.7,1672.4,288.2,1469.8,4031.9,4143.9,2389.3,2417.1,3845.0,2468.5,1673.3,2229.7,2264.2,2265.8,2905.2,3190.4,3769.7,3821.0,3840.8,160.4,2006.5,3200.5,3471.4
Iligan,1611.6,1885.6,1484.8,1521.6,3403.2,695.6,2759.5,1275.9,3273.7,1670.1,953.3,1217.3,1928.3,880.9,262.1,3462.4,3906.9,173.2,4318.1,2613.1,2846.0,4900.4,3518.4,864.6,2481.9,3517.9,815.2,3869.4,2070.5,3890.7,3883.8,4276.6,3493.8,3744.3,0.0,524.6,372.8,153.7,2682.7,1590.2,3377.3,3380.2,1536.0,3131.2,2697.8,1947.5,960.7,3383.8,963.6,1535.6,778.5,2660.1,1612.5,812.7,808.5,3409.4,770.1,815.3,4566.5,4905.7,4706.1,989.4,1205.5,1591.6,1914.2,166.3,231.7,3867.9,153.1,676.8,4750.1,2323.2,4861.6,2733.5,3196.3,3468.9,1972.8,2476.0,2642.2,3910.2,677.0,3277.9,1202.5,730.8,216.9,1297.3,3593.4,3392.8,2526.3,1533.6,3144.7,2306.2,3877.7,3055.1,1352.7,1025.0,2075.5,1827.3,255.6,1106.0,2307.1,4571.9,901.8,903.3,3089.0,4260.0,180.3,4890.6,251.4,3749.9,2640.3,4270.1,396.5
Iloilo City,1619.3,1893.3,1528.6,1529.3,3411.0,341.2,2767.3,1283.7,3281.4,1677.9,997.2,1225.1,1936.0,888.6,631.8,3470.1,3914.6,542.9,4325.9,2620.8,2853.7,4908.2,3526.1,911.6,2489.7,3525.6,862.2,3877.1,2078.2,3898.4,3891.5,4284.4,3501.5,3752.0,524.6,0.0,742.5,523.3,2690.5,1634.1,3385.1,3388.0,1543.8,3139.0,2705.6,1991.4,968.4,3391.6,971.3,1543.4,424.1,2667.9,1620.2,859.7,454.1,3417.2,415.7,460.9,4574.3,4913.5,4713.9,997.2,1213.3,1599.4,1921.9,536.0,601.4,3875.7,522.8,322.4,4757.9,2331.0,4869.4,2741.2,3204.1,3476.6,1980.6,2483.8,2650.0,3918.0,322.6,3285.6,1210.2,738.6,586.6,1305.1,3601.2,3400.6,2534.0,1541.4,3152.5,2314.0,3885.4,3062.9,1396.6,670.5,2083.2,1835.1,625.3,1113.8,2314.9,4579.7,909.5,911.1,3096.8,4267.8,550.0,4898.4,621.1,3757.6,2648.1,4277.9,440.4
Isabel,1829.5,2103.5,1495.5,1739.5,3621.1,794.2,2977.4,1493.8,3491.6,1888.0,964.1,1435.2,2146.2,1098.8,275.5,3680.3,4124.8,391.1,4536.0,2831.0,3063.9,5118.3,3736.3,679.2,2699.8,3735.8,629.8,4087.3,2288.4,4108.6,4101.7,4494.5,3711.7,3962.2,372.8,742.5,0.0,371.6,2900.6,1600.9,3595.2,3598.1,1754.0,3349.1,2915.7,1958.3,1178.6,3601.7,1181.4,1753.5,950.0,2878.0,1830.4,627.2,980.0,3627.3,941.5,986.7,4784.4,5123.6,4924.0,1207.3,1423.5,1809.6,2132.1,384.2,245.1,4085.8,371.0,775.3,4968.0,2541.1,5079.5,2951.4,3414.2,3686.8,2018.8,2693.9,2860.1,4128.1,775.6,3495.8,1420.4,948.7,230.3,1515.3,3811.3,3610.7,2744.2,1751.6,3362.6,2524.1,4095.6,3273.0,1255.5,1196.4,2293.4,2045.2,269.0,1323.9,2525.0,4789.8,1119.7,1121.2,3306.9,4477.9,398.2,5108.5,264.8,3967.8,2858.2,4488.0,614.4
Kauswagan,1610.3,1884.3,1483.5,1520.3,3402.0,694.4,2758.3,1274.7,3272.4,1668.9,952.1,1216.1,1927.0,879.7,260.9,3461.1,3905.6,171.9,4316.9,2611.8,2844.7,4899.2,3517.1,863.4,2480.7,3516.6,814.0,3868.1,2069.2,3889.4,3882.5,4275.4,3492.5,3743.0,153.7,523.3,371.6,0.0,2681.5,1588.9,3376.1,3379.0,1534.8,3130.0,2696.6,1946.3,959.4,3382.6,962.3,1534.4,777.3,2658.9,1611.2,811.4,807.3,3408.2,768.9,814.1,4565.3,4904.5,4704.9,988.2,1204.3,1590.4,1912.9,165.0,230.5,3866.7,151.9,675.5,4748.9,2322.0,4860.4,2732.2,3195.1,3467.6,1971.6,2474.8,2641.0,3909.0,675.8,3276.6,1201.2,729.6,215.6,1296.1,3592.2,3391.6,2525.0,1532.4,3143.5,2305.0,3876.4,3053.9,1351.4,1023.7,2074.2,1826.1,254.4,1104.8,2305.9,4570.7,900.5,902.1,3087.8,4258.8,179.1,4889.4,250.2,3748.6,2639.1,4268.9,395.2
Kemaman,2017.3,1489.8,2748.8,1927.3,829.7,2805.4,871.1,2251.7,1170.2,1180.2,2950.2,2193.1,1532.6,2649.6,2789.9,799.1,1803.3,2701.0,2429.7,1169.4,1629.6,3012.0,1414.9,2976.4,593.5,1414.3,2927.0,1765.9,1398.8,1787.2,1780.2,2388.2,830.6,1640.7,2682.7,2690.5,2900.6,2681.5,0.0,3202.3,803.8,806.7,1745.8,807.1,124.3,3500.2,1331.3,810.3,2732.2,1745.4,2651.0,771.8,2706.4,2924.5,2681.0,835.8,2642.5,2687.7,1168.4,2581.6,709.1,2758.1,2181.4,1997.4,1518.5,2694.1,2759.5,1840.4,2680.9,2786.5,753.1,434.8,2537.5,1517.1,622.8,805.6,3066.7,587.6,753.8,1586.1,2786.8,1174.4,2178.3,2190.6,2744.7,2273.2,1269.3,819.2,1898.1,1939.4,605.6,417.8,1774.2,481.5,3145.8,2877.0,1403.8,1431.6,2783.4,2426.7,418.7,1173.8,2670.4,2672.0,1849.3,1935.9,2708.1,2566.5,2779.2,1646.4,752.0,1946.0,2505.2
Kendari,1076.9,1168.3,499.6,986.9,3922.8,1805.1,2599.1,1120.6,3118.4,2427.1,701.0,1062.0,1211.0,1413.5,1689.0,3307.1,3751.6,1608.4,4157.7,2457.8,2690.7,4740.0,3363.1,1140.6,3001.5,3362.6,1091.2,3714.1,1915.2,3735.4,3728.5,4116.2,3338.5,3589.0,1590.2,1634.1,1600.9,1588.9,3202.3,0.0,3216.9,3219.8,1001.4,3254.2,2537.4,782.7,1976.8,3223.4,1496.1,1001.0,1888.0,2499.7,622.5,1088.7,1918.0,3249.0,1879.6,1924.8,4406.1,5028.7,4545.7,1522.0,1050.2,1057.0,1196.9,1601.5,1658.6,3707.5,1588.4,1786.3,4589.7,2162.8,4984.6,2578.2,3035.9,3313.6,691.0,2315.6,2481.8,4033.2,1786.5,3122.6,1047.2,1747.0,1643.8,1142.0,3716.4,3232.4,2371.0,999.0,2984.3,2145.8,3722.4,2894.7,896.6,2134.4,1920.2,1110.1,1682.5,1295.5,2146.7,4411.5,1434.4,1435.9,2928.6,4383.0,1615.6,5013.6,1678.3,3594.6,2479.9,4393.1,1222.3
Ko Por Anchorage,2711.9,2184.5,3443.4,2621.9,89.0,3500.0,1543.3,2946.3,1186.1,1874.8,3644.8,2887.7,2227.2,3344.2,3484.5,815.1,1819.3,3395.6,3101.9,1864.0,2324.3,3684.2,1430.8,3671.0,1288.2,1430.3,3621.6,1781.8,2093.5,1803.1,1796.2,3060.3,846.5,1656.7,3377.3,3385.1,3595.2,3376.1,803.8,3216.9,0.0,65.9,2440.5,1479.3,819.0,4194.8,1827.6,69.5,3426.8,2440.1,3345.6,1466.4,3401.0,3619.1,3375.6,95.1,3337.1,3382.3,1863.1,3253.8,1403.7,3452.7,2876.0,2692.0,2213.1,3388.7,3454.1,1856.3,3375.5,3481.1,1447.7,1129.5,3209.6,2211.8,637.3,821.6,3761.3,1282.3,1448.4,137.7,3481.4,1190.3,2872.9,2885.2,3439.3,2967.8,1941.5,78.5,2592.8,2634.0,346.0,1112.5,1790.2,496.1,3840.4,3571.6,2098.4,2126.2,3478.0,3121.3,1113.4,1868.5,3365.0,3366.6,2544.0,2608.1,3402.7,3238.7,3473.8,1662.4,1446.6,2618.2,3199.8
Koh Sichang,2714.8,2187.4,3446.3,2624.8,91.8,3502.9,1546.2,2949.2,1189.0,1877.7,3647.7,2890.6,2230.1,3347.1,3487.4,818.0,1822.2,3398.5,3104.8,1866.9,2327.1,3687.1,1433.7,3673.9,1291.1,1433.2,3624.5,1784.7,2096.3,1806.0,1799.1,3063.2,849.4,1659.6,3380.2,3388.0,3598.1,3379.0,806.7,3219.8,65.9,0.0,2443.4,1482.2,821.8,4197.7,1830.5,72.4,3429.7,2442.9,3348.5,1469.3,3403.9,3622.0,3378.5,98.0,3340.0,3385.2,1866.0,3256.7,1406.6,3455.6,2878.9,2694.9,2216.0,3391.6,3457.0,1859.2,3378.4,3484.0,1450.6,1132.4,3212.5,2214.6,640.2,824.4,3764.2,1285.2,1451.3,140.6,3484.3,1193.2,2875.8,2888.1,3442.2,2970.7,1944.4,81.4,2595.7,2636.9,348.9,1115.4,1793.0,498.9,3843.3,3574.5,2101.3,2129.1,3480.9,3124.2,1116.3,1871.4,3367.9,3369.5,2546.9,2611.0,3405.6,3241.6,3476.7,1665.2,1449.5,2621.0,3202.7
Kotabaru,504.6,582.7,1227.9,414.6,2466.4,1658.7,1822.6,548.3,3142.7,2723.4,1293.9,489.7,625.4,946.1,1643.2,3138.4,3775.9,1554.3,3381.2,1192.1,1717.7,3963.5,3387.4,1338.8,1545.0,3386.9,1289.4,2856.5,1337.1,3759.7,2870.8,3339.7,2287.8,2731.3,1536.0,1543.8,1754.0,1534.8,1745.8,1001.4,2440.5,2443.4,0.0,1758.6,1761.0,1299.4,1742.0,2447.0,1028.8,232.7,1689.3,1723.3,505.5,1286.8,1719.3,2472.5,1680.9,1726.1,1191.2,3533.1,1330.8,1054.6,477.9,484.7,611.3,1547.4,1612.8,2931.0,1534.2,1639.9,1374.8,1386.3,3489.0,1508.5,2259.4,3144.8,865.9,1539.1,1705.3,2537.6,1640.1,3146.9,474.8,1512.1,1598.0,569.7,2220.8,2455.9,1398.0,426.7,2207.9,1369.4,2864.8,2118.2,1624.9,1935.7,1342.1,524.4,1636.7,723.2,1370.2,1196.6,967.0,968.5,1872.1,2887.4,1561.5,3518.0,1632.6,2737.0,1703.5,2897.5,1263.2
Kualatanjung,2030.1,1502.6,3480.7,1940.1,1505.2,3253.9,254.1,2983.6,1591.1,1338.4,3510.5,2925.0,1545.3,3257.3,3238.4,1317.7,2224.2,3149.5,1812.7,1182.1,1642.4,2395.0,1835.8,3424.9,292.0,1835.2,3375.5,2186.8,1411.6,2208.1,2201.1,1771.1,1349.1,2061.6,3131.2,3139.0,3349.1,3130.0,807.1,3254.2,1479.3,1482.2,1758.6,0.0,822.3,2716.2,1489.5,1485.8,2745.0,1758.2,2663.8,177.2,2039.2,2937.3,2693.8,1511.3,2655.3,2700.5,1181.2,1964.6,721.9,2770.9,2194.2,2010.2,1531.2,2706.9,2772.3,2261.3,2693.7,2799.3,765.8,447.6,1920.4,1529.9,1298.3,1324.2,2399.5,286.1,159.2,1554.0,2799.6,1595.3,2191.1,2203.4,2757.5,2286.0,652.3,1494.7,1910.9,1952.2,1269.2,430.6,2195.1,1157.0,3158.6,2889.8,1416.6,1444.4,2796.2,2439.5,431.5,1186.6,2683.2,2684.8,1596.8,1318.9,2720.9,1949.5,2792.0,2067.3,157.4,1329.0,2518.0
Kuantan,2032.5,1505.0,2763.9,1942.4,844.9,2820.5,886.3,2266.8,1185.4,1195.4,2965.3,2208.2,1547.7,2664.7,2805.0,814.3,1818.5,2716.1,2444.9,1184.5,1644.8,3027.2,1430.0,2991.5,608.7,1429.5,2942.1,1781.0,1414.0,1802.3,1795.4,2403.4,845.7,1655.9,2697.8,2705.6,2915.7,2696.6,124.3,2537.4,819.0,821.8,1761.0,822.3,0.0,3515.3,1346.4,825.5,2747.3,1760.6,2666.1,786.9,2721.5,2939.6,2696.1,851.0,2657.6,2702.8,1183.6,2596.8,724.2,2773.2,2196.5,2012.5,1533.6,2709.2,2774.6,1855.6,2696.0,2801.6,768.2,450.0,2552.7,1532.3,637.9,820.8,3081.8,602.8,768.9,1601.3,2801.9,1189.6,2193.4,2205.7,2759.8,2288.3,1284.5,834.4,1913.3,1954.5,620.8,433.0,1789.4,496.7,3160.9,2892.1,1418.9,1446.8,2798.5,2441.8,433.9,1189.0,2685.5,2687.1,1864.5,1951.1,2723.2,2581.7,2794.3,1661.6,767.1,1961.2,2520.3
Kupang,1374.9,1415.5,953.9,1284.9,4220.7,2162.4,2780.2,1418.6,3416.3,2608.2,1058.4,1360.0,1458.2,1770.8,2046.3,3605.0,4049.5,1965.8,4338.8,2755.7,2988.6,4921.1,3661.0,1498.0,3299.4,3660.5,1448.6,4012.0,2213.1,4033.3,4026.4,4297.3,3636.4,3886.9,1947.5,1991.4,1958.3,1946.3,3500.2,782.7,4194.8,4197.7,1299.4,2716.2,3515.3,0.0,2334.2,3404.5,1853.5,1299.0,2245.4,2680.8,920.5,1446.0,2275.3,3430.1,2236.9,2282.1,4587.2,5209.8,4726.8,1879.3,1348.2,1355.0,1444.1,1958.9,2015.9,3888.6,1945.7,2143.6,4770.8,2343.9,5165.7,2876.1,3217.0,3611.5,989.0,2496.7,2662.9,4214.3,2143.8,3420.5,1345.1,2104.3,2001.1,1440.0,3897.5,3413.5,2668.9,1297.0,3165.4,2326.9,4020.3,3075.8,1244.3,2491.8,2218.1,1357.2,2039.8,1593.5,2327.8,4592.6,1791.7,1793.2,3109.7,4564.1,1972.9,5194.7,2035.7,3892.5,2661.0,4574.2,1579.7
Labuan,1817.5,1736.5,1871.4,1727.5,1853.5,1083.3,1553.5,1481.9,4440.4,4021.1,1340.0,1423.2,1779.3,1086.8,1067.9,4436.1,5073.6,978.9,3112.1,1486.4,3015.4,3694.4,4685.1,1254.4,1275.9,4684.6,1205.0,1510.5,2634.8,5057.4,1524.9,3070.6,1134.9,1385.4,960.7,968.4,1178.6,959.4,1331.3,1976.8,1827.6,1830.5,1742.0,1489.5,1346.4,2334.2,0.0,1834.1,1169.5,1741.6,1030.1,1454.1,1818.4,1202.4,1060.1,1859.6,1021.7,1066.9,1485.5,3264.0,1391.5,1195.3,1411.5,1797.6,1765.2,972.0,1037.5,1585.1,958.8,1064.5,1435.4,1117.2,3219.9,1834.2,1781.9,4442.5,2178.8,1270.0,1436.2,2268.5,1064.7,4444.6,1408.4,468.6,1022.6,1503.3,1951.7,1843.0,2695.7,1739.6,1509.6,1100.2,1518.9,1640.7,1739.3,1276.5,2639.8,1678.3,1061.4,1311.9,1101.1,1490.9,1107.7,1109.2,2166.4,2618.3,986.1,3248.9,1057.2,1391.1,1434.3,2628.4,783.1
Laem Chabang,2718.4,2191.0,3449.9,2628.4,95.5,3506.5,1549.8,2952.8,1192.6,1881.3,3651.3,2894.2,2233.7,3350.7,3491.0,821.6,1825.8,3402.1,3108.4,1870.5,2330.7,3690.7,1437.3,3677.5,1294.7,1436.8,3628.1,1788.3,2099.9,1809.6,1802.7,3066.8,853.0,1663.2,3383.8,3391.6,3601.7,3382.6,810.3,3223.4,69.5,72.4,2447.0,1485.8,825.5,3404.5,1834.1,0.0,3433.3,2446.6,3352.1,1472.9,3407.5,3625.6,3382.1,101.6,3343.6,3388.8,1869.6,3260.3,1410.2,3459.2,2882.5,2698.5,2219.6,3395.2,3460.6,1862.8,3382.0,3487.6,1454.2,1136.0,3216.1,2218.3,643.8,828.1,3767.8,1288.8,1454.9,144.2,3487.9,1196.8,2879.4,2891.7,3445.8,2974.3,1948.0,85.0,2599.3,2640.5,352.5,1119.0,1796.7,502.5,3846.9,3578.1,2104.9,2132.7,3484.5,3127.8,1119.9,1875.0,3371.5,3373.1,2550.5,2614.6,3409.2,3245.2,3480.3,1668.8,1453.1,2624.7,3206.3
Lahad Datu,1104.3,1378.3,1390.7,1014.3,3452.7,1086.2,2809.0,768.6,3742.3,3323.0,859.3,710.0,1421.0,137.0,1070.7,3738.0,4375.5,981.8,4367.6,1987.8,2317.3,4949.9,3987.0,862.3,2531.4,3986.5,812.8,2451.2,1936.7,4359.3,2465.5,4326.1,2075.6,2326.0,963.6,971.3,1181.4,962.3,2732.2,1496.1,3426.8,3429.7,1028.8,2745.0,2747.3,1853.5,1169.5,3433.3,0.0,1028.3,1116.8,2709.6,1105.2,810.3,1146.8,3458.9,1108.4,1153.6,4616.0,5114.5,4755.6,245.5,698.3,1084.4,1406.9,974.9,1040.3,3917.4,961.7,1067.4,4799.6,2372.7,5070.4,2108.1,3245.8,3744.4,1465.5,2525.5,2691.7,4119.0,1067.6,3746.5,695.2,939.7,1025.5,790.1,3802.2,3442.3,1997.6,1026.4,3194.2,2355.7,2459.5,3104.6,1347.2,1363.2,1941.7,1320.0,1064.2,598.7,2356.6,4621.4,157.9,159.4,3138.5,4468.8,989.0,5099.4,1060.0,2331.7,2689.8,4478.9,723.2
Laut Island,504.2,582.3,1227.5,414.2,2466.0,1658.3,1822.2,547.8,3142.2,2722.9,1293.5,489.2,625.0,945.7,1642.8,3137.9,3775.4,1553.9,3380.8,1191.7,1717.2,3963.1,3386.9,1338.4,1544.6,3386.4,1288.9,2856.1,1336.6,3759.2,2870.4,3339.3,2287.4,2730.9,1535.6,1543.4,1753.5,1534.4,1745.4,1001.0,2440.1,2442.9,232.7,1758.2,1760.6,1299.0,1741.6,2446.6,1028.3,0.0,1688.9,1722.9,505.1,1286.4,1718.9,2472.1,1680.5,1725.7,1190.8,3532.7,1330.4,1054.2,477.5,484.3,610.9,1547.0,1612.4,2930.6,1533.8,1639.4,1374.4,1385.9,3488.6,1508.0,2259.0,3144.3,865.5,1538.7,1704.9,2537.2,1639.7,3146.4,474.4,1511.7,1597.6,569.3,2220.4,2455.5,1397.5,426.3,2207.5,1369.0,2864.4,2117.8,1624.5,1935.3,1341.6,524.0,1636.3,722.8,1369.8,1196.2,966.5,968.1,1871.7,2887.0,1561.0,3517.6,1632.1,2736.6,1703.1,2897.1,1262.8
Limay,1764.8,2038.8,1782.6,1674.8,3371.5,357.3,2727.8,1429.2,3426.9,1638.4,1251.2,1370.6,2081.6,1034.1,885.8,3615.6,4060.1,796.8,4286.4,2766.3,2999.2,4868.7,3671.6,1165.6,2450.2,3671.1,1116.2,4022.6,2223.7,4043.9,4037.0,4244.9,3647.0,3897.5,778.5,424.1,950.0,777.3,2651.0,1888.0,3345.6,3348.5,1689.3,2663.8,2666.1,2245.4,1030.1,3352.1,1116.8,1688.9,0.0,2628.4,1765.8,1113.7,136.8,3377.7,98.4,143.6,4534.8,4871.0,4674.4,1142.6,1358.8,1744.9,2067.5,789.9,855.4,3836.2,776.7,338.5,4718.4,2291.5,4826.9,2886.7,3164.6,3622.1,2126.1,2444.3,2610.5,3875.5,338.7,3431.1,1355.7,884.1,840.5,1450.6,3558.7,3361.1,2679.5,1686.9,3113.0,2274.5,4030.9,3023.4,1650.5,353.2,2228.7,1980.6,879.3,1259.3,2275.4,4540.2,1055.0,1056.5,3057.3,4225.3,804.0,4855.9,875.1,3903.1,2608.6,4235.4,694.3
Lumut (Malaysia),1994.8,1467.3,2726.2,1904.8,1492.3,2782.8,241.2,2229.1,1555.8,1303.1,2927.6,2170.5,1510.0,2627.0,2767.3,1282.4,2188.9,2678.4,1799.8,1146.8,1607.1,2382.1,1800.4,2953.8,279.1,1799.9,2904.4,2151.4,1376.3,2172.7,2165.8,1758.2,1313.8,2026.3,2660.1,2667.9,2878.0,2658.9,771.8,2499.7,1466.4,1469.3,1723.3,177.2,786.9,2680.8,1454.1,1472.9,2709.6,1722.9,2628.4,0.0,2683.8,2901.9,2658.4,1498.5,2619.9,2665.1,1145.9,1951.7,686.5,2735.5,2158.8,1974.8,1495.9,2671.5,2736.9,2226.0,2658.3,2763.9,730.5,412.3,1907.6,1494.6,1285.4,1288.8,3044.1,273.2,146.4,1541.1,2764.2,1560.0,2155.7,2168.0,2722.1,2250.6,639.4,1481.9,1875.6,1916.8,1233.8,395.3,2159.8,1144.1,3123.2,2854.4,1381.2,1409.1,2760.8,2404.1,396.2,1151.3,2647.8,2649.4,1583.9,1306.0,2685.5,1936.6,2756.6,2032.0,144.5,1316.1,2482.6
Makassar,581.1,672.4,849.1,491.1,3426.9,1735.2,2103.2,624.7,2961.5,2542.2,1050.4,566.1,715.2,1022.5,1719.7,2957.2,3594.7,1630.8,3661.8,1240.9,1536.5,4244.1,3206.2,1415.2,2505.6,3205.7,1365.8,2946.2,1155.9,3578.5,2960.6,3620.3,2377.6,2821.1,1612.5,1620.2,1830.4,1611.2,2706.4,622.5,3401.0,3403.9,505.5,2039.2,2721.5,920.5,1818.4,3407.5,1105.2,505.1,1765.8,2683.8,0.0,1363.3,1795.7,2753.1,1757.3,1802.5,3910.2,4532.8,4049.8,1131.0,554.3,561.1,701.1,1623.9,1689.3,3211.6,1610.7,1716.3,4093.8,1666.9,4488.7,1327.3,2540.0,2963.6,487.0,1819.7,1985.9,3537.3,1716.5,2965.7,551.3,1588.6,1674.5,646.1,3220.5,2736.5,1216.8,503.1,2488.4,1649.9,2954.6,2398.8,1246.1,2012.2,1160.9,614.2,1713.2,799.6,1650.8,3915.6,1043.4,1045.0,2432.7,3887.1,1637.9,4517.7,1709.0,2826.8,1984.0,3897.2,1339.6
Malita,1362.3,1636.4,983.3,1272.3,3645.0,1030.7,3001.3,1026.7,3024.5,1911.9,451.8,968.1,1679.1,727.6,715.3,3213.2,3657.7,830.9,4559.9,2363.9,2596.8,5142.2,3269.2,167.0,2723.7,3268.7,117.6,3620.2,1821.3,3641.5,3634.6,4518.4,3244.6,3495.1,812.7,859.7,627.2,811.4,2924.5,1088.7,3619.1,3622.0,1286.8,2937.3,2939.6,1446.0,1202.4,3625.6,810.3,1286.4,1113.7,2901.9,1363.3,0.0,1143.6,3651.2,1105.2,1150.4,4808.3,5147.5,4947.9,836.1,956.3,1342.4,1665.0,824.0,684.9,4109.7,810.8,1011.9,4991.9,2565.0,5103.4,2484.3,3438.1,3219.7,1506.6,2717.8,2884.0,4152.0,1012.1,3028.7,953.3,972.6,670.1,1048.1,3835.2,3634.6,2277.1,1284.4,3386.5,2548.0,3628.5,3296.9,743.3,1360.1,1826.3,1578.1,708.8,856.8,2548.9,4813.7,748.5,750.0,3330.8,4501.8,838.1,5132.4,704.6,3500.7,2882.1,4511.9,447.9
Manila,1794.8,2068.8,1812.6,1704.8,3401.5,387.3,2757.8,1459.2,3456.9,1668.4,1281.1,1400.6,2111.5,1064.1,915.7,3645.6,4090.1,826.8,4316.4,2796.3,3029.2,4898.7,3701.6,1195.6,2480.2,3701.1,1146.2,4052.6,2253.7,4073.9,4067.0,4274.9,3677.0,3927.5,808.5,454.1,980.0,807.3,2681.0,1918.0,3375.6,3378.5,1719.3,2693.8,2696.1,2275.3,1060.1,3382.1,1146.8,1718.9,136.8,2658.4,1795.7,1143.6,0.0,3407.7,128.4,173.6,4564.8,4900.9,4704.4,1172.6,1388.8,1774.9,2097.4,819.9,885.3,3866.2,806.7,368.5,4748.4,2321.5,4856.8,2916.7,3194.6,3652.1,2156.1,2474.3,2640.5,3905.4,368.7,3461.1,1385.7,914.1,870.5,1480.6,3588.6,3391.1,2709.5,1716.9,3143.0,2304.5,4060.9,3053.4,1680.5,383.2,2258.7,2010.6,909.2,1289.2,2305.4,4570.2,1085.0,1086.5,3087.3,4255.2,833.9,4885.8,905.0,3933.1,2638.6,4265.3,724.3
Map Ta Phut,2744.0,2216.5,3475.5,2654.0,121.0,3532.1,1575.3,2978.4,1218.2,1906.9,3676.9,2919.8,2259.2,3376.3,3516.6,847.1,1851.3,3427.7,3133.9,1896.0,2356.3,3716.2,1462.9,3703.1,1320.2,1462.3,3653.7,1813.8,2125.5,1835.2,1828.2,3092.4,878.6,1688.7,3409.4,3417.2,3627.3,3408.2,835.8,3249.0,95.1,98.0,2472.5,1511.3,851.0,3430.1,1859.6,101.6,3458.9,2472.1,3377.7,1498.5,2753.1,3651.2,3407.7,0.0,3369.2,3414.4,1895.1,3285.8,1435.8,3484.8,2908.1,2724.1,2245.1,3420.8,3486.2,1888.4,3407.6,3513.2,1479.7,1161.5,3241.7,2243.8,669.3,853.6,3793.4,1314.3,1480.5,169.7,3513.5,1222.4,2905.0,2917.3,3471.4,2999.9,1973.5,110.5,2624.8,2666.1,378.1,1144.5,1822.2,528.1,3872.5,3603.7,2130.5,2158.3,3510.1,3153.4,1145.4,1900.5,3397.1,3398.7,2576.0,2640.1,3434.8,3270.7,3505.9,1694.4,1478.7,2650.2,3231.9
Mariveles,1756.4,2030.4,1774.2,1666.4,3363.0,348.9,2719.3,1420.8,3418.5,1630.0,1242.7,1362.2,2073.1,1025.7,877.3,3607.2,4051.7,788.4,4277.9,2757.9,2990.8,4860.2,3663.2,1157.2,2441.7,3662.7,1107.8,4014.2,2215.3,4035.5,4028.6,4236.4,3638.6,3889.1,770.1,415.7,941.5,768.9,2642.5,1879.6,3337.1,3340.0,1680.9,2655.3,2657.6,2236.9,1021.7,3343.6,1108.4,1680.5,98.4,2619.9,1757.3,1105.2,128.4,3369.2,0.0,135.2,4526.3,4862.5,4665.9,1134.2,1350.4,1736.5,2059.0,781.5,846.9,3827.7,768.3,330.1,4709.9,2283.0,4818.4,2878.3,3156.1,3613.7,2117.7,2435.8,2602.0,3867.0,330.3,3422.7,1347.3,875.7,832.1,1442.2,3550.2,3352.6,2671.1,1678.5,3104.5,2266.0,4022.5,3014.9,1642.1,344.8,2220.3,1972.2,870.8,1250.8,2266.9,4531.7,1046.6,1048.1,3048.8,4216.8,795.5,4847.4,866.6,3894.7,2600.1,4226.9,685.9
Masinloc,1801.6,2075.6,1819.4,1711.6,3408.2,394.1,2764.5,1466.0,4439.6,4020.3,1287.9,1407.4,2118.3,1070.9,922.5,4435.3,5072.8,833.6,4323.1,2223.3,3014.6,4905.4,4684.3,1202.4,2486.9,4683.8,1153.0,1507.1,2634.0,5056.6,1521.5,4281.6,1225.1,1382.0,815.3,460.9,986.7,814.1,2687.7,1924.8,3382.3,3385.2,1726.1,2700.5,2702.8,2282.1,1066.9,3388.8,1153.6,1725.7,143.6,2665.1,1802.5,1150.4,173.6,3414.4,135.2,0.0,4571.5,4907.7,4711.1,1179.4,1395.6,1781.7,2104.2,826.7,892.1,3872.9,813.5,375.3,4755.1,2328.2,4863.6,2571.1,3201.3,4441.7,2162.9,2481.0,2647.2,3912.2,375.5,4443.8,1392.5,920.9,877.3,1487.4,3595.4,3397.8,2694.9,1723.7,3149.7,2311.2,1515.5,3060.1,1687.3,390.0,2639.0,2017.4,916.0,1296.0,2312.1,4576.9,1091.8,1093.3,3094.0,4262.0,840.7,4892.6,911.8,1387.7,2645.3,4272.1,731.1
Merak,1462.7,935.2,4632.6,1372.7,1889.0,4689.2,1245.2,4135.5,1753.8,1334.5,4834.0,4076.9,978.0,4533.4,4673.7,1679.1,2387.0,4584.8,2803.8,99.9,560.1,3386.1,1998.5,4860.2,967.7,1997.9,4810.8,2349.5,711.2,2370.8,2363.8,2762.3,1710.5,2224.4,4566.5,4574.3,4784.4,4565.3,1168.4,4406.1,1863.1,1866.0,1191.2,1181.2,1183.6,4587.2,1485.5,1869.6,4616.0,1190.8,4534.8,1145.9,3910.2,4808.3,4564.8,1895.1,4526.3,4571.5,0.0,2955.7,510.1,2483.5,1906.8,1442.8,963.9,2419.5,2484.9,2424.0,2406.3,2511.9,554.1,809.0,2911.6,447.6,1682.1,1685.5,2792.1,961.8,1127.9,1960.2,2512.2,1758.0,1903.7,1916.0,2470.1,1998.6,1643.4,1878.5,828.7,1384.8,1630.5,792.0,2357.8,1540.8,2871.2,2602.4,716.2,877.0,2508.8,2152.1,792.9,104.4,2395.8,2397.4,779.9,2310.0,2433.5,2940.6,2504.6,2230.0,1126.1,2320.1,2230.6
Mongla,3804.6,3277.1,5255.2,3714.6,3279.7,5028.4,2028.6,4758.1,3365.6,3112.9,5285.0,4699.5,3319.8,5031.8,5012.9,3092.2,3998.7,4924.0,241.9,2956.6,3416.9,2205.4,3610.3,5199.4,2066.5,3609.7,5150.0,3961.3,3186.1,3982.6,3975.6,1581.5,3123.6,3836.1,4905.7,4913.5,5123.6,4904.5,2581.6,5028.7,3253.8,3256.7,3533.1,1964.6,2596.8,5209.8,3264.0,3260.3,5114.5,3532.7,4871.0,1951.7,4532.8,5147.5,4900.9,3285.8,4862.5,4907.7,2955.7,0.0,2496.4,4545.4,3968.7,3784.7,3305.7,4481.4,4546.8,4035.8,4468.2,4573.8,2540.3,2222.1,95.0,3304.4,3072.7,3098.7,4174.0,2060.6,1933.7,3328.4,4574.1,3369.8,3965.6,3977.9,4532.0,4060.5,1596.0,3269.2,3685.4,3726.7,3043.7,2205.1,3969.6,2931.5,4933.1,4664.3,3191.1,3218.9,4570.7,4214.0,2206.0,2961.1,4457.7,4459.3,2540.5,1187.8,4495.4,1538.2,4566.5,3841.8,1931.9,1197.8,4292.5
Muara Banyuasin,1602.3,1074.8,4772.2,1512.3,1429.6,4828.8,785.9,4275.1,1493.1,1240.4,4973.6,4216.5,1117.5,4673.0,4813.3,1219.7,2126.2,4724.4,2344.5,511.0,971.3,2926.8,1737.8,4999.8,508.3,1737.2,4950.4,2088.7,850.8,2110.1,2103.1,2303.0,1251.1,1963.6,4706.1,4713.9,4924.0,4704.9,709.1,4545.7,1403.7,1406.6,1330.8,721.9,724.2,4726.8,1391.5,1410.2,4755.6,1330.4,4674.4,686.5,4049.8,4947.9,4704.4,1435.8,4665.9,4711.1,510.1,2496.4,0.0,2623.1,2046.4,1582.4,1103.4,2559.1,2624.5,2163.3,2545.9,2651.5,94.8,349.6,2452.3,858.8,1222.7,1226.1,2931.7,502.4,668.6,1500.9,2651.8,1497.3,2043.3,2055.6,2609.7,2138.2,1184.1,1419.2,1239.8,1524.4,1171.2,332.6,2097.1,1081.5,3010.8,2742.0,855.7,1016.6,2648.4,2291.7,333.5,515.5,2535.4,2537.0,1191.0,1850.7,2573.1,2481.3,2644.2,1969.3,666.7,1860.8,2370.2
Muara Berau,1130.1,1404.1,1416.6,1040.1,3478.6,1112.0,2834.9,794.5,3768.2,3348.9,885.1,735.9,1446.8,162.8,1096.6,3763.9,4401.4,1007.7,4393.5,2013.6,2343.2,4975.8,4012.9,888.1,2557.3,4012.4,838.7,2477.0,1962.6,4385.2,2491.4,4352.0,2101.4,2351.9,989.4,997.2,1207.3,988.2,2758.1,1522.0,3452.7,3455.6,1054.6,2770.9,2773.2,1879.3,1195.3,3459.2,245.5,1054.2,1142.6,2735.5,1131.0,836.1,1172.6,3484.8,1134.2,1179.4,2483.5,4545.4,2623.1,0.0,724.1,1110.2,1432.7,1000.8,1066.2,3943.3,987.6,1093.2,4825.5,2398.6,5096.2,2134.0,3271.7,3770.3,1491.4,2551.4,2717.6,4144.8,1093.4,3772.4,721.0,965.5,1051.3,815.9,3828.0,3468.2,2023.5,1052.2,3220.1,2381.6,2485.3,3130.5,1373.0,1389.0,1967.6,1345.9,1090.1,624.6,2382.5,4647.3,183.7,185.2,3164.4,4494.6,1014.8,5125.2,1085.9,2357.5,2715.7,4504.7,749.1
Muara Jawa,553.4,827.4,1276.7,463.4,2901.9,1328.2,2258.2,171.9,3191.4,2772.1,963.4,113.3,870.1,615.6,1312.7,3187.1,3824.6,1223.8,3816.8,1436.9,1766.4,4399.1,3436.1,1008.3,1980.6,3435.6,958.9,2693.2,1385.8,3808.4,2707.5,3775.3,2317.6,2568.0,1205.5,1213.3,1423.5,1204.3,2181.4,1050.2,2876.0,2878.9,477.9,2194.2,2196.5,1348.2,1411.5,2882.5,698.3,477.5,1358.8,2158.8,554.3,956.3,1388.8,2908.1,1350.4,1395.6,1906.8,3968.7,2046.4,724.1,0.0,533.5,856.0,1216.9,1282.3,3366.6,1203.7,1309.4,4248.8,1821.9,4643.7,1557.2,2695.0,3193.5,914.7,1974.7,2140.9,3692.3,1309.6,3195.6,98.4,1181.6,1267.5,193.3,3375.5,2891.5,1446.7,475.5,2643.4,1804.9,2701.5,2553.8,1493.2,1605.2,1390.8,769.2,1306.2,392.7,1805.8,4070.6,636.5,638.0,2587.7,4042.1,1230.9,4672.7,1302.1,2573.7,2139.0,4052.2,932.7
Muara Pantai,192.4,834.2,1283.6,102.4,2717.9,1714.3,2074.2,603.9,3198.3,2779.0,1349.5,545.3,876.9,1001.7,1698.9,3194.0,3831.5,1609.9,3632.8,1443.7,1773.3,4215.1,3443.0,1394.4,1796.6,3442.5,1345.0,3079.3,1392.7,3815.3,3093.6,3591.3,2539.4,2954.1,1591.6,1599.4,1809.6,1590.4,1997.4,1057.0,2692.0,2694.9,484.7,2010.2,2012.5,1355.0,1797.6,2698.5,1084.4,484.3,1744.9,1974.8,561.1,1342.4,1774.9,2724.1,1736.5,1781.7,1442.8,3784.7,1582.4,1110.2,533.5,0.0,862.8,1603.0,1668.5,3153.8,1589.8,1695.5,1626.3,1637.9,3740.6,1564.1,2511.0,3200.4,921.5,1790.7,1956.9,2789.2,1695.7,3202.5,530.4,1567.8,1653.6,625.3,2472.4,2707.5,1453.6,114.5,2459.5,1620.9,3087.6,2369.8,1680.5,1991.3,1397.7,776.0,1692.4,778.8,1621.8,1448.2,1022.6,1024.1,2123.7,3139.0,1617.1,3769.6,1688.2,2959.8,1955.0,3149.1,1318.8
Muara Satui,882.8,194.3,1423.5,792.8,2239.0,2036.9,1595.2,926.4,3169.7,2750.4,1624.8,867.8,237.0,1324.2,2021.4,3165.4,3802.9,1932.5,3153.8,964.8,1744.7,3736.1,3414.4,1716.9,1317.7,3413.9,1667.5,2629.1,1364.1,3786.7,2643.5,3112.3,2060.5,2504.0,1914.2,1921.9,2132.1,1912.9,1518.5,1196.9,2213.1,2216.0,611.3,1531.2,1533.6,1444.1,1765.2,2219.6,1406.9,610.9,2067.5,1495.9,701.1,1665.0,2097.4,2245.1,2059.0,2104.2,963.9,3305.7,1103.4,1432.7,856.0,862.8,0.0,1925.6,1991.0,2703.6,1912.4,2018.0,1147.4,1159.0,3261.6,1312.5,2032.1,3171.8,1061.4,1311.8,1477.9,2310.2,2018.3,3173.9,853.0,1890.3,1976.2,947.8,1993.4,2228.5,1425.0,804.8,1980.5,1142.0,2637.5,1890.8,1820.5,2313.9,1369.1,136.0,2014.9,1101.3,1142.9,969.2,1345.1,1346.7,1644.7,2660.0,1939.6,3290.6,2010.7,2509.6,1476.1,2670.1,1641.3
Naga (Cebu),1622.9,1896.9,1496.1,1532.9,3414.6,707.0,2770.9,1287.3,3285.0,1681.5,964.7,1228.7,1939.7,892.3,273.5,3473.7,3918.2,184.6,4329.5,2624.4,2857.3,4911.8,3529.7,876.0,2493.3,3529.2,826.6,3880.7,2081.8,3902.0,3895.1,4288.0,3505.1,3755.6,166.3,536.0,384.2,165.0,2694.1,1601.5,3388.7,3391.6,1547.4,2706.9,2709.2,1958.9,972.0,3395.2,974.9,1547.0,789.9,2671.5,1623.9,824.0,819.9,3420.8,781.5,826.7,2419.5,4481.4,2559.1,1000.8,1216.9,1603.0,1925.6,0.0,243.1,3879.3,164.5,688.2,4761.5,2334.6,4873.0,2744.8,3207.7,3480.2,1984.2,2487.4,2653.6,3921.6,688.4,3289.2,1213.8,742.2,228.3,1308.7,3604.8,3404.2,2537.6,1545.0,3156.1,2317.6,3889.0,3066.5,1364.0,1036.3,2086.8,1838.7,267.0,1117.4,2318.5,4583.3,913.1,914.7,3100.4,4271.4,191.7,4902.0,262.8,3761.2,2651.7,4281.5,407.8
Nasipit,1688.4,1962.4,1553.2,1598.4,3480.0,772.4,2836.3,1352.7,3350.5,1746.9,1021.7,1294.1,2005.1,957.7,134.4,3539.2,3983.7,250.0,4394.9,2689.9,2922.8,4977.2,3595.2,736.9,2558.7,3594.7,687.5,3946.2,2147.3,3967.5,3960.6,4353.4,3570.6,3821.1,231.7,601.4,245.1,230.5,2759.5,1658.6,3454.1,3457.0,1612.8,2772.3,2774.6,2015.9,1037.5,3460.6,1040.3,1612.4,855.4,2736.9,1689.3,684.9,885.3,3486.2,846.9,892.1,2484.9,4546.8,2624.5,1066.2,1282.3,1668.5,1991.0,243.1,0.0,3944.7,229.9,753.6,4826.9,2400.0,4938.4,2810.3,3273.1,3545.7,2049.6,2552.8,2719.0,3987.0,753.8,3354.7,1279.3,807.6,89.2,1374.2,3670.2,3469.6,2603.1,1610.4,3221.5,2383.0,3954.5,3131.9,1313.2,1101.8,2152.3,1904.1,127.9,1182.8,2383.9,4648.7,978.5,980.1,3165.8,4336.8,257.1,4967.4,123.7,3826.7,2717.1,4346.9,473.3
Nghi Son,3173.7,2675.0,3934.0,3083.7,1882.3,3990.6,2325.3,3436.9,943.6,1876.8,4135.4,3378.3,2717.7,3834.8,3975.1,1132.3,198.8,3886.2,3883.9,2424.9,2885.2,4466.2,545.3,4161.6,2047.7,544.8,4112.2,161.4,2584.0,182.7,175.7,3842.4,1163.7,354.4,3867.9,3875.7,4085.8,3866.7,1840.4,3707.5,1856.3,1859.2,2931.0,2261.3,1855.6,3888.6,1585.1,1862.8,3917.4,2930.6,3836.2,2226.0,3211.6,4109.7,3866.2,1888.4,3827.7,3872.9,2424.0,4035.8,2163.3,3943.3,3366.6,3153.8,2703.6,3879.3,3944.7,0.0,3866.1,3971.7,2207.3,1889.0,3991.7,2772.7,1810.7,1138.7,4251.9,2041.8,2208.0,3040.3,3972.0,947.8,3363.5,3375.8,3929.9,3458.4,2723.5,1871.8,3153.7,3095.8,1538.4,1872.0,169.7,1669.4,4331.0,4062.2,2589.0,2616.8,3968.6,3611.9,1872.9,2429.4,3855.6,3857.2,3104.9,3390.1,3893.3,4020.7,3964.4,360.1,2206.2,3400.2,3690.4
Ozamiz,1609.7,1883.8,1482.9,1519.7,3401.4,693.8,2757.7,1274.1,3271.9,1668.3,951.5,1215.5,1926.5,879.1,260.3,3460.6,3905.1,171.4,4316.3,2611.3,2844.2,4898.6,3516.6,862.8,2480.1,3516.1,813.4,3867.6,2068.7,3888.9,3882.0,4274.8,3492.0,3742.5,153.1,522.8,371.0,151.9,2680.9,1588.4,3375.5,3378.4,1534.2,2693.7,2696.0,1945.7,958.8,3382.0,961.7,1533.8,776.7,2658.3,1610.7,810.8,806.7,3407.6,768.3,813.5,2406.3,4468.2,2545.9,987.6,1203.7,1589.8,1912.4,164.5,229.9,3866.1,0.0,675.0,4748.3,2321.4,4859.8,2731.7,3194.5,3467.1,1971.0,2474.2,2640.4,3908.4,675.2,3276.1,1200.7,729.0,215.1,1295.5,3591.6,3391.0,2524.5,1531.8,3142.9,2304.4,3875.9,3053.3,1350.9,1023.1,2073.7,1825.5,253.8,1104.2,2305.3,4570.1,900.0,901.5,3087.2,4258.2,178.5,4888.8,249.6,3748.1,2638.5,4268.3,394.6
Pagbilao,1715.4,1989.4,1680.8,1625.4,3507.0,182.7,2863.3,1379.8,3377.5,1774.0,1149.4,1321.1,2032.1,984.7,784.0,3566.2,4010.7,695.1,4421.9,2716.9,2949.8,5004.2,3622.2,1063.8,2585.7,3621.7,1014.4,3973.2,2174.3,3994.5,3987.6,4380.4,3597.6,3848.1,676.8,322.4,775.3,675.5,2786.5,1786.3,3481.1,3484.0,1639.9,2799.3,2801.6,2143.6,1064.5,3487.6,1067.4,1639.4,338.5,2763.9,1716.3,1011.9,368.5,3513.2,330.1,375.3,2511.9,4573.8,2651.5,1093.2,1309.4,1695.5,2018.0,688.2,753.6,3971.7,675.0,0.0,4853.9,2427.0,4965.4,2837.3,3300.1,3572.7,2076.7,2579.8,2746.0,4014.0,164.1,3381.7,1306.3,834.7,738.8,1401.2,3697.2,3496.6,2630.1,1637.5,3248.5,2410.0,3981.5,3158.9,1548.8,584.9,2179.3,1931.2,777.5,1209.8,2410.9,4675.7,1005.6,1007.1,3192.8,4363.8,702.2,4994.4,773.3,3853.7,2744.1,4373.9,592.6
Palembang,1646.3,1118.8,4816.2,1556.2,1473.6,4872.8,829.8,4319.1,1537.0,1284.4,5017.6,4260.5,1161.5,4717.0,4857.3,1263.7,2170.2,4768.4,2388.4,555.0,1015.3,2970.7,1781.7,5043.8,552.3,1781.2,4994.4,2132.7,894.7,2154.0,2147.1,2346.9,1295.1,2007.6,4750.1,4757.9,4968.0,4748.9,753.1,4589.7,1447.7,1450.6,1374.8,765.8,768.2,4770.8,1435.4,1454.2,4799.6,1374.4,4718.4,730.5,4093.8,4991.9,4748.4,1479.7,4709.9,4755.1,554.1,2540.3,94.8,4825.5,4248.8,1626.3,1147.4,4761.5,4826.9,2207.3,4748.3,4853.9,0.0,393.6,2496.2,902.8,1266.7,1270.1,2975.7,546.4,712.5,1544.8,2695.8,1541.3,2087.3,2099.6,2653.7,2182.2,1228.0,1463.1,1283.8,1568.3,1215.1,376.6,2141.1,1125.4,3054.8,2786.0,899.7,1060.6,2692.4,2335.7,377.5,559.5,2579.4,2581.0,1235.0,1894.6,2617.1,2525.2,2688.2,2013.3,710.7,1904.7,2414.2
Pasir Gudang,1657.8,1130.4,2389.3,1567.8,1155.4,2445.9,511.6,1892.2,1218.8,966.1,2590.7,1833.6,1173.1,2290.1,2430.4,945.4,1852.0,2341.5,2070.2,809.9,1270.1,2652.5,1463.5,2616.9,234.0,1462.9,2567.5,1814.5,1039.3,1835.8,1828.8,2028.7,976.8,1689.4,2323.2,2331.0,2541.1,2322.0,434.8,2162.8,1129.5,1132.4,1386.3,447.6,450.0,2343.9,1117.2,1136.0,2372.7,1385.9,2291.5,412.3,1666.9,2565.0,2321.5,1161.5,2283.0,2328.2,809.0,2222.1,349.6,2398.6,1821.9,1637.9,1159.0,2334.6,2400.0,1889.0,2321.4,2427.0,393.6,0.0,2178.0,1157.6,948.4,951.9,2707.2,228.1,394.3,1226.6,2427.3,1223.0,1818.8,1831.1,2385.2,1913.7,909.8,1144.9,1538.6,1579.9,896.9,58.4,1822.8,807.2,2786.3,2517.5,1044.3,1072.1,2423.9,2067.2,59.2,814.3,2310.9,2312.5,1489.9,1576.4,2348.6,2207.0,2419.7,1695.0,392.5,1586.5,2145.7
Payra,3760.5,3233.0,5211.1,3670.5,3235.6,4984.3,1984.4,4714.0,3321.5,3068.8,5240.9,4655.4,3275.7,4987.7,4968.8,3048.1,3954.6,4879.9,197.8,2912.5,3372.8,2161.3,3566.2,5155.3,2022.4,3565.6,5105.9,3917.2,3142.0,3938.5,3931.5,1537.4,3079.5,3792.0,4861.6,4869.4,5079.5,4860.4,2537.5,4984.6,3209.6,3212.5,3489.0,1920.4,2552.7,5165.7,3219.9,3216.1,5070.4,3488.6,4826.9,1907.6,4488.7,5103.4,4856.8,3241.7,4818.4,4863.6,2911.6,95.0,2452.3,5096.2,4643.7,3740.6,3261.6,4873.0,4938.4,3991.7,4859.8,4965.4,2496.2,2178.0,0.0,3260.3,3028.6,3054.6,4129.9,2016.5,1889.6,3284.3,4530.0,3325.7,3921.5,3933.8,4487.9,4016.4,1551.9,3225.1,3641.3,3682.6,2999.6,2161.0,3925.5,2887.4,4889.0,4620.2,3147.0,3174.8,4526.6,4169.9,2161.9,2917.0,4413.6,4415.2,2496.4,1143.6,4451.3,1494.0,4522.4,3797.7,1887.8,1153.7,4248.4
Pelabuhan Ratu,1584.0,1283.9,2804.7,1494.0,2237.7,2856.1,1593.9,1627.6,2102.5,1683.1,2491.3,1569.0,1326.6,2025.5,2840.7,2027.7,2735.6,2751.8,3152.5,448.5,218.2,3734.8,2347.1,2536.2,1316.3,2346.6,2486.8,2698.1,1059.8,2719.5,2712.5,3111.0,2059.1,2573.0,2733.5,2741.2,2951.4,2732.2,1517.1,2578.2,2211.8,2214.6,1508.5,1529.9,1532.3,2876.1,1834.2,2218.3,2108.1,1508.0,2886.7,1494.6,1327.3,2484.3,2916.7,2243.8,2878.3,2571.1,447.6,3304.4,858.8,2134.0,1557.2,1564.1,1312.5,2744.8,2810.3,2772.7,2731.7,2837.3,902.8,1157.6,3260.3,0.0,2030.7,2034.2,2442.6,1310.4,1476.6,2308.9,2837.5,2106.7,1554.2,2073.9,2795.4,1649.1,1992.1,2227.2,486.8,1506.0,1979.2,1140.7,2706.5,1889.5,3021.1,3133.1,1064.8,1225.7,2834.2,1802.6,1141.5,453.0,2046.3,2047.9,871.2,2658.7,2758.9,3289.3,2830.0,2578.7,1474.8,2668.8,2460.6
Penang,2530.9,2003.4,3262.4,2440.9,663.2,3319.0,1362.2,2765.3,1140.4,1693.8,3463.8,2706.7,2046.2,3163.2,3303.5,769.4,1773.6,3214.6,2920.8,1683.0,2143.2,3503.2,1385.1,3490.0,1107.1,1384.6,3440.6,1736.1,1912.4,1757.4,1750.5,2879.3,800.8,1611.0,3196.3,3204.1,3414.2,3195.1,622.8,3035.9,637.3,640.2,2259.4,1298.3,637.9,3217.0,1781.9,643.8,3245.8,2259.0,3164.6,1285.4,2540.0,3438.1,3194.6,669.3,3156.1,3201.3,1682.1,3072.7,1222.7,3271.7,2695.0,2511.0,2032.1,3207.7,3273.1,1810.7,3194.5,3300.1,1266.7,948.4,3028.6,2030.7,0.0,775.9,3580.3,1101.2,1267.4,711.9,3300.4,1144.7,2691.9,2704.2,3258.3,2786.8,1760.5,652.7,2411.7,2453.0,499.2,931.5,1744.5,165.6,3659.4,3390.6,1917.4,1945.2,3297.0,2940.3,932.3,1687.4,3184.0,3185.6,2362.9,2427.0,3221.7,3057.6,3292.8,1616.7,1265.6,2437.1,3018.8
Phu My,3220.3,3143.2,3540.1,3130.3,847.5,3591.5,1388.2,3263.9,468.5,1401.7,3226.7,3205.3,3185.9,3661.8,3576.1,97.5,1101.7,3487.2,2946.8,1686.4,2146.7,3529.1,713.2,3271.6,1110.6,712.7,3222.2,1064.2,1915.9,1085.5,1078.6,2905.3,128.9,939.1,3468.9,3476.6,3686.8,3467.6,805.6,3313.6,821.6,824.4,3144.8,1324.2,820.8,3611.5,4442.5,828.1,3744.4,3144.3,3622.1,1288.8,2963.6,3219.7,3652.1,853.6,3613.7,4441.7,1685.5,3098.7,1226.1,3770.3,3193.5,3200.4,3171.8,3480.2,3545.7,1138.7,3467.1,3572.7,1270.1,951.9,3054.6,2034.2,775.9,0.0,3178.0,1104.7,1270.8,2103.2,3572.9,472.7,3190.5,4227.8,3530.8,3285.4,1786.4,837.0,2415.2,3142.3,503.6,934.9,1072.6,634.6,3756.5,3868.5,1920.8,1948.7,3569.6,3438.9,935.8,1690.9,3682.6,3684.2,2366.4,2453.0,3494.3,3083.6,3565.4,944.7,1269.0,2463.1,3196.0
Pomalaa,941.4,1032.8,917.6,851.4,3787.2,2095.5,2463.5,985.1,2982.8,2291.6,1118.9,926.4,1075.5,1382.9,2080.0,3171.5,3616.0,1991.1,4022.1,2322.2,2555.1,4604.4,3227.5,1558.6,2865.9,3227.0,1509.1,3578.5,1779.6,3599.8,3592.9,3980.6,3202.9,3453.4,1972.8,1980.6,2018.8,1971.6,3066.7,691.0,3761.3,3764.2,865.9,2399.5,3081.8,989.0,2178.8,3767.8,1465.5,865.5,2126.1,3044.1,487.0,1506.6,2156.1,3793.4,2117.7,2162.9,2792.1,4174.0,2931.7,1491.4,914.7,921.5,1061.4,1984.2,2049.6,4251.9,1971.0,2076.7,2975.7,2707.2,4129.9,2442.6,3580.3,3178.0,0.0,2180.0,2346.2,3897.6,2076.9,2987.0,911.6,1948.9,2034.8,1006.5,3580.8,3096.8,2235.4,863.5,2848.7,2010.2,3586.8,2759.1,1314.6,2372.5,1784.6,974.5,2073.5,1160.0,2011.1,4275.9,1403.8,1405.3,2793.0,4247.4,1998.2,4878.0,2069.3,3459.0,2344.3,4257.5,1640.2
Port Dickson,1810.6,1283.2,2542.1,1720.6,1308.2,2598.7,350.1,2045.0,1371.6,1118.9,2743.5,1986.4,1325.9,2442.9,2583.2,1098.2,2004.8,2494.3,1908.7,962.7,1422.9,2491.0,1616.3,2769.7,95.0,1615.7,2720.3,1967.3,1192.1,1988.6,1981.6,1867.1,1129.6,1842.1,2476.0,2483.8,2693.9,2474.8,587.6,2315.6,1282.3,1285.2,1539.1,286.1,602.8,2496.7,1270.0,1288.8,2525.5,1538.7,2444.3,273.2,1819.7,2717.8,2474.3,1314.3,2435.8,2481.0,961.8,2060.6,502.4,2551.4,1974.7,1790.7,1311.8,2487.4,2552.8,2041.8,2474.2,2579.8,546.4,228.1,2016.5,1310.4,1101.2,1104.7,2180.0,0.0,255.3,1356.9,2580.1,1375.8,1971.6,1983.9,2538.0,2066.5,748.3,1297.7,1691.4,1732.7,1049.7,211.2,1975.6,960.0,2939.1,2670.3,1197.1,1224.9,2576.7,2220.0,212.0,967.1,2463.7,2465.3,1642.7,1414.9,2501.4,2045.5,2572.5,1847.8,253.4,1425.0,2298.5
Port Kelang,1976.8,1449.3,2708.3,1886.8,1474.4,2764.9,223.2,2211.2,1537.8,1285.1,2909.7,2152.6,1492.0,2609.1,2749.4,1264.4,2170.9,2660.5,1781.8,1128.8,1589.1,2364.1,1782.5,2935.9,261.2,1781.9,2886.5,2133.4,1358.3,2154.8,2147.8,1740.3,1295.8,2008.3,2642.2,2650.0,2860.1,2641.0,753.8,2481.8,1448.4,1451.3,1705.3,159.2,768.9,2662.9,1436.2,1454.9,2691.7,1704.9,2610.5,146.4,1985.9,2884.0,2640.5,1480.5,2602.0,2647.2,1127.9,1933.7,668.6,2717.6,2140.9,1956.9,1477.9,2653.6,2719.0,2208.0,2640.4,2746.0,712.5,394.3,1889.6,1476.6,1267.4,1270.8,2346.2,255.3,0.0,1523.1,2746.3,1542.0,2137.8,2150.1,2704.2,2232.7,621.4,1463.9,1857.6,1898.9,1215.9,377.3,2141.8,1126.2,3105.3,2836.5,1363.3,1391.1,2742.9,2386.2,378.2,1133.3,2629.9,2631.5,1565.9,1288.0,2667.6,1918.6,2738.7,2014.0,126.6,1298.1,2464.7
Prachuap,2809.1,2281.6,4259.7,2719.1,163.6,4032.9,1617.9,3762.6,2370.1,2117.4,4289.5,3704.0,2324.3,4036.3,4017.4,2096.7,3003.2,3928.5,3176.6,1961.1,2421.4,3758.9,2614.8,4203.9,1362.8,2614.2,4154.5,2965.8,2190.6,2987.1,2980.1,3135.0,2128.1,2840.6,3910.2,3918.0,4128.1,3909.0,1586.1,4033.2,137.7,140.6,2537.6,1554.0,1601.3,4214.3,2268.5,144.2,4119.0,2537.2,3875.5,1541.1,3537.3,4152.0,3905.4,169.7,3867.0,3912.2,1960.2,3328.4,1500.9,4144.8,3692.3,2789.2,2310.2,3921.6,3987.0,3040.3,3908.4,4014.0,1544.8,1226.6,3284.3,2308.9,711.9,2103.2,3897.6,1356.9,1523.1,0.0,3578.6,2374.3,2970.1,2982.4,3536.5,3065.0,2016.2,153.1,2689.9,2731.2,2048.2,1209.6,2974.1,570.7,3937.6,3668.8,2195.6,2223.4,3575.2,3218.5,1210.5,1965.6,3462.2,3463.8,2618.6,2682.7,3499.9,3313.3,3571.0,2846.3,1521.3,2692.8,3297.0
Quezon,1715.6,1989.6,1681.1,1625.6,3507.3,182.9,2863.6,1380.0,3377.7,1774.2,1149.6,1321.4,2032.4,984.9,784.2,3566.4,4010.9,695.3,4422.2,2717.1,2950.0,5004.5,3622.4,1064.1,2586.0,3621.9,1014.7,3973.4,2174.5,3994.7,3987.8,4380.7,3597.8,3848.3,677.0,322.6,775.6,675.8,2786.8,1786.5,3481.4,3484.3,1640.1,2799.6,2801.9,2143.8,1064.7,3487.9,1067.6,1639.7,338.7,2764.2,1716.5,1012.1,368.7,3513.5,330.3,375.5,2512.2,4574.1,2651.8,1093.4,1309.6,1695.7,2018.3,688.4,753.8,3972.0,675.2,164.1,2695.8,2427.3,4530.0,2837.5,3300.4,3572.9,2076.9,2580.1,2746.3,3578.6,0.0,3381.9,1306.5,834.9,739.0,1401.4,3697.5,3496.9,2630.3,1637.7,3248.8,2410.3,3981.7,3159.2,1549.0,585.1,2179.5,1931.4,777.7,1210.1,2411.2,4676.0,1005.8,1007.3,3193.1,4364.1,702.4,4994.7,773.5,3853.9,2744.4,4374.2,592.8
Quy Nhon,3222.4,3145.3,3349.1,3132.4,1216.3,3400.5,1659.3,3266.0,277.6,1210.8,3035.7,3207.4,3188.0,3663.9,3385.1,466.3,910.8,3296.2,3217.9,1758.9,2219.2,3800.2,522.3,3080.6,1381.7,521.7,3031.2,873.3,1918.0,894.6,887.6,3176.4,497.7,748.1,3277.9,3285.6,3495.8,3276.6,1174.4,3122.6,1190.3,1193.2,3146.9,1595.3,1189.6,3420.5,4444.6,1196.8,3746.5,3146.4,3431.1,1560.0,2965.7,3028.7,3461.1,1222.4,3422.7,4443.8,1758.0,3369.8,1497.3,3772.4,3195.6,3202.5,3173.9,3289.2,3354.7,947.8,3276.1,3381.7,1541.3,1223.0,3325.7,2106.7,1144.7,472.7,2987.0,1375.8,1542.0,2374.3,3381.9,0.0,3192.6,4229.9,3339.8,3287.5,2057.5,1205.8,2487.7,3144.4,872.4,1206.0,881.6,1003.4,3565.5,3677.5,1923.0,1950.8,3378.6,3441.0,1206.9,1763.4,3684.7,3686.3,2438.9,2724.1,3303.3,3354.7,3374.4,753.8,1540.2,2734.2,3005.0
Samarinda,550.3,824.3,1273.7,460.3,2898.8,1325.1,2255.1,168.8,3188.4,2769.1,960.3,110.2,867.1,612.5,1309.7,3184.1,3821.6,1220.7,3813.7,1433.8,1763.4,4396.0,3433.1,1005.2,1977.5,3432.6,955.8,2690.1,1382.8,3805.4,2704.5,3772.2,2314.5,2565.0,1202.5,1210.2,1420.4,1201.2,2178.3,1047.2,2872.9,2875.8,474.8,2191.1,2193.4,1345.1,1408.4,2879.4,695.2,474.4,1355.7,2155.7,551.3,953.3,1385.7,2905.0,1347.3,1392.5,1903.7,3965.6,2043.3,721.0,98.4,530.4,853.0,1213.8,1279.3,3363.5,1200.7,1306.3,2087.3,1818.8,3921.5,1554.2,2691.9,3190.5,911.6,1971.6,2137.8,2970.1,1306.5,3192.6,0.0,1178.6,1264.4,190.2,3372.4,2888.4,1443.7,472.4,2640.3,1801.8,2698.4,2550.7,1490.1,1602.1,1387.8,766.1,1303.2,389.6,1802.7,4067.5,633.4,634.9,2584.6,4039.0,1227.9,4669.6,1299.0,2570.6,2135.9,4049.1,929.6
Sandakan,1587.7,1861.7,1641.6,1497.7,2911.1,853.5,2267.4,1252.0,4225.7,3806.4,1110.1,1193.4,1904.4,857.0,838.0,4221.4,4858.9,749.1,3826.0,1726.2,2800.7,4408.3,4470.4,1024.6,1989.8,4469.9,975.2,1750.3,2420.1,4842.7,1764.6,3784.5,1374.7,1625.1,730.8,738.6,948.7,729.6,2190.6,1747.0,2885.2,2888.1,1512.1,2203.4,2205.7,2104.3,468.6,2891.7,939.7,1511.7,884.1,2168.0,1588.6,972.6,914.1,2917.3,875.7,920.9,1916.0,3977.9,2055.6,965.5,1181.6,1567.8,1890.3,742.2,807.6,3375.8,729.0,834.7,2099.6,1831.1,3933.8,2073.9,2704.2,4227.8,1948.9,1983.9,2150.1,2982.4,834.9,4229.9,1178.6,0.0,792.8,1273.5,3101.3,2900.7,2481.0,1509.7,2652.6,1814.1,1758.6,2563.0,1509.5,1130.5,2425.1,1803.4,831.5,1082.1,1815.0,4079.8,877.9,879.4,2596.9,3767.9,756.2,4398.5,827.3,1630.8,2148.2,3778.0,553.3
Sangi,1673.5,1947.5,1538.3,1583.5,3465.2,757.6,2821.5,1337.9,3335.6,1732.1,1006.9,1279.3,1990.3,942.8,119.6,3524.3,3968.8,235.2,4380.1,2675.0,2907.9,4962.4,3580.3,722.0,2543.9,3579.8,672.6,3931.3,2132.4,3952.6,3945.7,4338.6,3555.7,3806.2,216.9,586.6,230.3,215.6,2744.7,1643.8,3439.3,3442.2,1598.0,2757.5,2759.8,2001.1,1022.6,3445.8,1025.5,1597.6,840.5,2722.1,1674.5,670.1,870.5,3471.4,832.1,877.3,2470.1,4532.0,2609.7,1051.3,1267.5,1653.6,1976.2,228.3,89.2,3929.9,215.1,738.8,2653.7,2385.2,4487.9,2795.4,3258.3,3530.8,2034.8,2538.0,2704.2,3536.5,739.0,3339.8,1264.4,792.8,0.0,1359.3,3655.4,3454.8,2588.2,1595.6,3206.7,2368.2,3939.6,3117.1,1298.4,1086.9,2137.4,1889.3,113.1,1168.0,2369.1,4633.9,963.7,965.2,3151.0,4322.0,242.3,4952.6,108.9,3811.8,2702.3,4332.1,458.4
Sangkulirang,645.2,919.2,1368.5,555.2,2993.7,1420.0,2350.0,263.7,3283.3,2864.0,1055.2,205.1,961.9,707.4,1404.6,3279.0,3916.5,1315.6,3908.6,1528.7,1858.3,4490.9,3528.0,1100.1,2072.4,3527.5,1050.7,2785.0,1477.7,3900.3,2799.3,3867.1,2409.4,2659.8,1297.3,1305.1,1515.3,1296.1,2273.2,1142.0,2967.8,2970.7,569.7,2286.0,2288.3,1440.0,1503.3,2974.3,790.1,569.3,1450.6,2250.6,646.1,1048.1,1480.6,2999.9,1442.2,1487.4,1998.6,4060.5,2138.2,815.9,193.3,625.3,947.8,1308.7,1374.2,3458.4,1295.5,1401.2,2182.2,1913.7,4016.4,1649.1,2786.8,3285.4,1006.5,2066.5,2232.7,3065.0,1401.4,3287.5,190.2,1273.5,1359.3,0.0,3467.3,2983.3,1538.6,567.3,2735.2,1896.7,2793.3,2645.6,1585.0,1697.0,1482.7,861.0,1398.1,484.5,1897.6,4162.4,728.3,729.8,2679.5,4133.9,1322.8,4764.5,1393.9,2665.5,2230.8,4144.0,1024.5
Sarasin,2492.3,1964.8,3942.9,2402.3,1967.4,3716.1,716.3,3445.8,2053.3,1800.6,3972.7,3387.2,2007.5,3719.5,3700.6,1779.9,2686.4,3611.7,1444.1,1644.3,2104.6,2026.4,2298.0,3887.1,754.2,2297.4,3837.7,2649.0,1873.8,2670.3,2663.3,1402.5,1811.3,2523.8,3593.4,3601.2,3811.3,3592.2,1269.3,3716.4,1941.5,1944.4,2220.8,652.3,1284.5,3897.5,1951.7,1948.0,3802.2,2220.4,3558.7,639.4,3220.5,3835.2,3588.6,1973.5,3550.2,3595.4,1643.4,1596.0,1184.1,3828.0,3375.5,2472.4,1993.4,3604.8,3670.2,2723.5,3591.6,3697.2,1228.0,909.8,1551.9,1992.1,1760.5,1786.4,3580.8,748.3,621.4,2016.2,3697.5,2057.5,3372.4,3101.3,3655.4,3467.3,0.0,1956.9,2373.1,2414.4,1731.4,892.8,2657.3,1619.2,3620.8,3352.0,1878.8,1906.6,3258.4,2901.7,893.7,1648.8,3145.4,3147.0,1228.2,950.3,3183.1,1580.9,3254.2,2529.5,619.6,960.4,2980.2
Sattahip,2727.4,2199.9,3458.9,2637.4,104.4,3515.5,1558.7,2961.8,1201.6,1890.3,3660.3,2903.2,2242.6,3359.7,3500.0,830.5,1834.7,3411.1,3117.3,1879.4,2339.7,3699.6,1446.3,3686.5,1303.6,1445.7,3637.1,1797.2,2108.9,1818.6,1811.6,3075.7,861.9,1672.1,3392.8,3400.6,3610.7,3391.6,819.2,3232.4,78.5,81.4,2455.9,1494.7,834.4,3413.5,1843.0,85.0,3442.3,2455.5,3361.1,1481.9,2736.5,3634.6,3391.1,110.5,3352.6,3397.8,1878.5,3269.2,1419.2,3468.2,2891.5,2707.5,2228.5,3404.2,3469.6,1871.8,3391.0,3496.6,1463.1,1144.9,3225.1,2227.2,652.7,837.0,3096.8,1297.7,1463.9,153.1,3496.9,1205.8,2888.4,2900.7,3454.8,2983.3,1956.9,0.0,2608.2,2649.5,361.5,1127.9,1805.6,511.5,3855.9,3587.1,2113.9,2141.7,3493.5,3136.8,1128.8,1883.9,3380.5,3382.1,2559.4,2623.5,3418.2,3254.1,3489.3,1677.8,1462.1,2633.6,3215.3
Semarang,1473.5,1396.4,2597.5,1383.5,2618.7,2648.9,1974.9,1517.1,2483.5,2064.1,2284.1,1458.5,1439.1,1915.0,2633.5,2408.7,3116.6,2544.6,3533.5,829.6,599.2,4115.8,2728.2,2329.0,1697.3,2727.6,2279.6,3079.2,1061.6,3100.5,3093.5,3492.0,2440.1,2954.0,2526.3,2534.0,2744.2,2525.0,1898.1,2371.0,2592.8,2595.7,1398.0,1910.9,1913.3,2668.9,2695.7,2599.3,1997.6,1397.5,2679.5,1875.6,1216.8,2277.1,2709.5,2624.8,2671.1,2694.9,828.7,3685.4,1239.8,2023.5,1446.7,1453.6,1425.0,2537.6,2603.1,3153.7,2524.5,2630.1,1283.8,1538.6,3641.3,486.8,2411.7,2415.2,2235.4,1691.4,1857.6,2689.9,2630.3,2487.7,1443.7,2481.0,2588.2,1538.6,2373.1,2608.2,0.0,1395.5,2360.2,1521.7,3087.5,2270.5,2813.9,2925.9,1066.5,1241.4,2627.0,1692.1,1522.5,834.0,1935.8,1937.4,1252.2,3039.7,2551.7,3670.3,2622.8,2959.7,1855.8,3049.8,2253.4
Senipah Terminal,134.4,776.2,1225.5,44.4,2659.9,1656.3,2016.2,545.9,3140.2,2720.9,1291.5,487.2,818.9,943.7,1640.8,3135.9,3773.4,1551.9,3574.8,1385.7,1715.2,4157.1,3384.9,1336.4,1738.6,3384.4,1287.0,3021.3,1334.6,3757.2,3035.6,3533.3,2481.4,2896.1,1533.6,1541.4,1751.6,1532.4,1939.4,999.0,2634.0,2636.9,426.7,1952.2,1954.5,1297.0,1739.6,2640.5,1026.4,426.3,1686.9,1916.8,503.1,1284.4,1716.9,2666.1,1678.5,1723.7,1384.8,3726.7,1524.4,1052.2,475.5,114.5,804.8,1545.0,1610.4,3095.8,1531.8,1637.5,1568.3,1579.9,3682.6,1506.0,2453.0,3142.3,863.5,1732.7,1898.9,2731.2,1637.7,3144.4,472.4,1509.7,1595.6,567.3,2414.4,2649.5,1395.5,0.0,2401.4,1562.9,3029.6,2311.8,1622.5,1933.3,1339.6,718.0,1634.3,720.8,1563.8,1390.2,964.6,966.1,2065.7,3081.0,1559.0,3711.6,1630.2,2901.8,1897.0,3091.1,1260.8
Sihanoukville,2479.4,1951.9,3210.8,2389.4,371.9,3267.4,1333.2,2713.7,868.2,1642.3,3412.2,2655.1,1994.6,3111.6,3251.9,497.1,1501.3,3163.0,2891.8,1631.4,2091.7,3474.1,1112.8,3438.4,1055.6,1112.3,3389.0,1463.8,1860.9,1485.1,1478.2,2850.3,528.5,1338.7,3144.7,3152.5,3362.6,3143.5,605.6,2984.3,346.0,348.9,2207.9,1269.2,620.8,3165.4,1509.6,352.5,3194.2,2207.5,3113.0,1233.8,2488.4,3386.5,3143.0,378.1,3104.5,3149.7,1630.5,3043.7,1171.2,3220.1,2643.4,2459.5,1980.5,3156.1,3221.5,1538.4,3142.9,3248.5,1215.1,896.9,2999.6,1979.2,499.2,503.6,2848.7,1049.7,1215.9,2048.2,3248.8,872.4,2640.3,2652.6,3206.7,2735.2,1731.4,361.5,2360.2,2401.4,0.0,879.9,1472.2,357.9,3607.8,3339.0,1865.9,1893.7,3245.4,2888.7,880.8,1635.9,3132.4,3134.0,2311.4,2398.0,3170.1,3028.6,3241.2,1344.4,1214.0,2408.1,2967.2
Singapore,1640.8,1113.4,2372.3,1550.8,1138.4,2428.9,494.6,1875.2,1201.8,949.2,2573.7,1816.6,1156.1,2273.1,2413.4,928.5,1835.0,2324.5,2053.2,792.9,1253.1,2635.5,1446.5,2599.9,217.1,1446.0,2550.5,1797.5,1022.3,1818.8,1811.9,2011.7,959.9,1672.4,2306.2,2314.0,2524.1,2305.0,417.8,2145.8,1112.5,1115.4,1369.4,430.6,433.0,2326.9,1100.2,1119.0,2355.7,1369.0,2274.5,395.3,1649.9,2548.0,2304.5,1144.5,2266.0,2311.2,792.0,2205.1,332.6,2381.6,1804.9,1620.9,1142.0,2317.6,2383.0,1872.0,2304.4,2410.0,376.6,58.4,2161.0,1140.7,931.5,934.9,2010.2,211.2,377.3,1209.6,2410.3,1206.0,1801.8,1814.1,2368.2,1896.7,892.8,1127.9,1521.7,1562.9,879.9,0.0,1805.9,790.2,2769.3,2500.5,1027.3,1055.1,2406.9,2050.2,42.3,797.4,2293.9,2295.5,1472.9,1559.4,2331.6,2190.0,2402.7,1678.1,375.5,1569.5,2128.7
Son Duong,3107.5,2608.8,3948.9,3017.5,1816.1,4000.3,2259.1,2771.9,877.4,1810.6,3635.5,2713.3,2651.6,2376.8,3984.9,1066.1,55.6,3896.0,3817.7,2358.7,2819.0,4400.0,479.1,3680.4,1981.5,478.6,3631.0,18.1,2517.8,39.4,32.4,3776.2,1097.5,288.2,3877.7,3885.4,4095.6,3876.4,1774.2,3722.4,1790.2,1793.0,2864.8,2195.1,1789.4,4020.3,1518.9,1796.7,2459.5,2864.4,4030.9,2159.8,2954.6,3628.5,4060.9,1822.2,4022.5,1515.5,2357.8,3969.6,2097.1,2485.3,2701.5,3087.6,2637.5,3889.0,3954.5,169.7,3875.9,3981.5,2141.1,1822.8,3925.5,2706.5,1744.5,1072.6,3586.8,1975.6,2141.8,2974.1,3981.7,881.6,2698.4,1758.6,3939.6,2793.3,2657.3,1805.6,3087.5,3029.6,1472.2,1805.9,0.0,1603.2,4165.3,4277.3,2522.8,2550.6,3978.4,2602.0,1806.7,2363.2,2397.7,2399.2,3038.7,3323.9,3903.1,3954.5,3974.2,293.9,2140.0,3334.0,3604.8
Songkhla,2389.7,1862.2,3121.2,2299.7,522.0,3177.8,1221.0,2624.1,999.2,1552.6,3322.6,2565.5,1904.9,3022.0,3162.3,628.2,1632.4,3073.4,2779.6,1541.7,2002.0,3361.9,1243.9,3348.8,965.9,1243.3,3299.4,1594.9,1771.2,1616.2,1609.3,2738.0,659.6,1469.8,3055.1,3062.9,3273.0,3053.9,481.5,2894.7,496.1,498.9,2118.2,1157.0,496.7,3075.8,1640.7,502.5,3104.6,2117.8,3023.4,1144.1,2398.8,3296.9,3053.4,528.1,3014.9,3060.1,1540.8,2931.5,1081.5,3130.5,2553.8,2369.8,1890.8,3066.5,3131.9,1669.4,3053.3,3158.9,1125.4,807.2,2887.4,1889.5,165.6,634.6,2759.1,960.0,1126.2,570.7,3159.2,1003.4,2550.7,2563.0,3117.1,2645.6,1619.2,511.5,2270.5,2311.8,357.9,790.2,1603.2,0.0,3518.2,3249.4,1776.2,1804.0,3155.8,2799.1,791.1,1546.2,3042.8,3044.4,2221.7,2285.8,3080.5,2916.4,3151.6,1475.4,1124.3,2295.9,2877.6
Sorong,1700.5,1791.8,927.5,1610.5,3866.3,1567.6,3222.6,1563.6,3561.3,2448.8,655.9,1505.0,1834.6,1264.5,1343.6,3750.0,4194.5,1370.9,4781.2,2900.7,3133.6,5363.5,3806.0,795.3,2945.0,3805.5,745.9,4157.0,2358.1,4178.3,4171.4,4739.7,3781.4,4031.9,1352.7,1396.6,1255.5,1351.4,3145.8,896.6,3840.4,3843.3,1624.9,3158.6,3160.9,1244.3,1739.3,3846.9,1347.2,1624.5,1650.5,3123.2,1246.1,743.3,1680.5,3872.5,1642.1,1687.3,2871.2,4933.1,3010.8,1373.0,1493.2,1680.5,1820.5,1364.0,1313.2,4331.0,1350.9,1548.8,3054.8,2786.3,4889.0,3021.1,3659.4,3756.5,1314.6,2939.1,3105.3,3937.6,1549.0,3565.5,1490.1,1509.5,1298.4,1585.0,3620.8,3855.9,2813.9,1622.5,3607.8,2769.3,4165.3,3518.2,0.0,1896.9,2363.1,1733.6,1337.1,1393.7,2770.2,5035.0,1285.4,1286.9,3552.1,5006.5,1378.1,5637.1,1332.9,4037.5,3103.4,5016.6,984.8
Sual (Lingayen bay),2011.2,2285.2,2029.0,1921.2,3597.5,603.7,2953.8,1675.6,3673.3,1864.4,1497.6,1617.0,2328.0,1280.5,1132.2,3862.0,4306.5,1043.2,4512.4,3012.7,3245.6,5094.7,3918.0,1412.0,2676.2,3917.5,1362.6,4269.0,2470.1,4290.3,4283.4,4470.9,3893.4,4143.9,1025.0,670.5,1196.4,1023.7,2877.0,2134.4,3571.6,3574.5,1935.7,2889.8,2892.1,2491.8,1276.5,3578.1,1363.2,1935.3,353.2,2854.4,2012.2,1360.1,383.2,3603.7,344.8,390.0,2602.4,4664.3,2742.0,1389.0,1605.2,1991.3,2313.9,1036.3,1101.8,4062.2,1023.1,584.9,2786.0,2517.5,4620.2,3133.1,3390.6,3868.5,2372.5,2670.3,2836.5,3668.8,585.1,3677.5,1602.1,1130.5,1086.9,1697.0,3352.0,3587.1,2925.9,1933.3,3339.0,2500.5,4277.3,3249.4,1896.9,0.0,2475.1,2227.0,1125.7,1505.7,2501.4,4766.2,1301.4,1302.9,3283.3,4341.9,1050.4,4972.5,1121.5,4149.5,2834.6,4352.0,940.7
Surabaya,1417.6,1340.5,2146.7,1327.6,2124.3,2198.1,1480.6,1461.2,1918.8,1499.4,1833.3,1402.6,1383.2,1859.1,2182.7,1914.4,2551.9,2093.8,3039.2,717.1,1177.3,3540.2,2163.4,1878.2,1203.0,2162.9,1828.8,2514.4,38.7,2535.7,2528.8,2916.3,1945.8,2389.3,2075.5,2083.2,2293.4,2074.2,1403.8,1920.2,2098.4,2101.3,1342.1,1416.6,1418.9,2218.1,2639.8,2104.9,1941.7,1341.6,2228.7,1381.2,1160.9,1826.3,2258.7,2130.5,2220.3,2639.0,716.2,3191.1,855.7,1967.6,1390.8,1397.7,1369.1,2086.8,2152.3,2589.0,2073.7,2179.3,899.7,1044.3,3147.0,1064.8,1917.4,1920.8,1784.6,1197.1,1363.3,2195.6,2179.5,1923.0,1387.8,2425.1,2137.4,1482.7,1878.8,2113.9,1066.5,1339.6,1865.9,1027.3,2522.8,1776.2,2363.1,2475.1,0.0,341.0,2176.2,1636.2,1028.2,721.5,1879.9,1881.5,1397.1,2545.4,2100.9,3094.7,2172.0,2395.0,1361.4,2555.5,1802.6
Taboneo - Banjarmasin,795.9,107.4,1336.6,705.9,2152.2,1950.0,1508.4,839.6,1946.6,1527.2,1538.0,780.9,150.1,1237.4,1934.5,1942.2,2579.7,1845.6,3067.0,877.9,1338.1,3649.3,2191.3,1630.1,1230.8,2190.7,1580.7,2542.2,336.0,2563.6,2556.6,3025.5,1973.6,2417.1,1827.3,1835.1,2045.2,1826.1,1431.6,1110.1,2126.2,2129.1,524.4,1444.4,1446.8,1357.2,1678.3,2132.7,1320.0,524.0,1980.6,1409.1,614.2,1578.1,2010.6,2158.3,1972.2,2017.4,877.0,3218.9,1016.6,1345.9,769.2,776.0,136.0,1838.7,1904.1,2616.8,1825.5,1931.2,1060.6,1072.1,3174.8,1225.7,1945.2,1948.7,974.5,1224.9,1391.1,2223.4,1931.4,1950.8,766.1,1803.4,1889.3,861.0,1906.6,2141.7,1241.4,718.0,1893.7,1055.1,2550.6,1804.0,1733.6,2227.0,341.0,0.0,1928.0,1014.5,1056.0,882.4,1258.3,1259.8,1557.9,2573.2,1852.7,3203.8,1923.8,2422.8,1389.3,2583.3,1554.5
Tagoloan,1712.3,1986.3,1577.1,1622.3,3503.9,796.3,2860.2,1376.6,3374.4,1770.8,1045.6,1318.0,2029.0,981.6,158.3,3563.1,4007.6,273.9,4418.8,2713.8,2946.7,5001.1,3619.1,760.8,2582.6,3618.6,711.4,3970.1,2171.2,3991.4,3984.5,4377.3,3594.5,3845.0,255.6,625.3,269.0,254.4,2783.4,1682.5,3478.0,3480.9,1636.7,2796.2,2798.5,2039.8,1061.4,3484.5,1064.2,1636.3,879.3,2760.8,1713.2,708.8,909.2,3510.1,870.8,916.0,2508.8,4570.7,2648.4,1090.1,1306.2,1692.4,2014.9,267.0,127.9,3968.6,253.8,777.5,2692.4,2423.9,4526.6,2834.2,3297.0,3569.6,2073.5,2576.7,2742.9,3575.2,777.7,3378.6,1303.2,831.5,113.1,1398.1,3258.4,3493.5,2627.0,1634.3,3245.4,2406.9,3978.4,3155.8,1337.1,1125.7,2176.2,1928.0,0.0,1206.7,2407.8,4672.6,1002.4,1004.0,3189.7,4360.7,281.0,4991.3,147.6,3850.6,2741.0,4370.8,497.2
Tanjung Bara CT,798.7,1072.7,1395.3,708.7,3147.2,1228.7,2503.5,463.1,3436.8,3017.5,863.9,404.5,1115.4,516.1,1213.2,3432.5,4070.0,1124.3,4062.1,1682.2,2011.8,4644.4,3681.5,908.7,2225.9,3681.0,859.3,2593.6,1631.2,4053.8,2608.0,4020.6,2218.0,2468.5,1106.0,1113.8,1323.9,1104.8,2426.7,1295.5,3121.3,3124.2,723.2,2439.5,2441.8,1593.5,1311.9,3127.8,598.7,722.8,1259.3,2404.1,799.6,856.8,1289.2,3153.4,1250.8,1296.0,2152.1,4214.0,2291.7,624.6,392.7,778.8,1101.3,1117.4,1182.8,3611.9,1104.2,1209.8,2335.7,2067.2,4169.9,1802.6,2940.3,3438.9,1160.0,2220.0,2386.2,3218.5,1210.1,3441.0,389.6,1082.1,1168.0,484.5,2901.7,3136.8,1692.1,720.8,2888.7,2050.2,2602.0,2799.1,1393.7,1505.7,1636.2,1014.5,1206.7,0.0,2051.1,4315.9,536.9,538.5,2833.0,4287.4,1131.4,4918.0,1202.5,2474.2,2384.3,4297.5,833.1
Tanjung Pelepas,1641.7,1114.3,2373.2,1551.7,1139.3,2429.8,495.5,1876.1,1202.7,950.0,2574.6,1817.5,1157.0,2274.0,2414.3,929.3,1835.9,2325.4,2054.1,793.8,1254.0,2636.4,1447.4,2600.8,217.9,1446.8,2551.4,1798.4,1023.2,1819.7,1812.8,2012.6,960.7,1673.3,2307.1,2314.9,2525.0,2305.9,418.7,2146.7,1113.4,1116.3,1370.2,431.5,433.9,2327.8,1101.1,1119.9,2356.6,1369.8,2275.4,396.2,1650.8,2548.9,2305.4,1145.4,2266.9,2312.1,792.9,2206.0,333.5,2382.5,1805.8,1621.8,1142.9,2318.5,2383.9,1872.9,2305.3,2410.9,377.5,59.2,2161.9,1141.5,932.3,935.8,2011.1,212.0,378.2,1210.5,2411.2,1206.9,1802.7,1815.0,2369.1,1897.6,893.7,1128.8,1522.5,1563.8,880.8,42.3,1806.7,791.1,2770.2,2501.4,1028.2,1056.0,2407.8,2051.1,0.0,798.2,2294.8,2296.4,1473.8,1560.3,2332.5,2190.9,2403.6,1678.9,376.4,1570.4,2129.6
Tarahan,1468.1,940.6,4638.0,1378.1,1894.4,4694.6,1250.6,4140.9,1759.2,1339.8,4839.4,4082.3,983.3,4538.8,4679.1,1684.4,2392.3,4590.2,2809.2,105.3,565.5,3391.5,2003.9,4865.6,973.0,2003.3,4816.2,2354.9,716.6,2376.2,2369.2,2767.7,1715.8,2229.7,4571.9,4579.7,4789.8,4570.7,1173.8,4411.5,1868.5,1871.4,1196.6,1186.6,1189.0,4592.6,1490.9,1875.0,4621.4,1196.2,4540.2,1151.3,3915.6,4813.7,4570.2,1900.5,4531.7,4576.9,104.4,2961.1,515.5,4647.3,4070.6,1448.2,969.2,4583.3,4648.7,2429.4,4570.1,4675.7,559.5,814.3,2917.0,453.0,1687.4,1690.9,4275.9,967.1,1133.3,1965.6,4676.0,1763.4,4067.5,4079.8,4633.9,4162.4,1648.8,1883.9,834.0,1390.2,1635.9,797.4,2363.2,1546.2,5035.0,4766.2,721.5,882.4,4672.6,4315.9,798.2,0.0,2401.2,2402.8,785.3,2315.4,2438.9,2946.0,2510.0,2235.4,1131.5,2325.5,2236.0
Tarakan Island,1042.5,1316.5,1328.9,952.5,3390.9,1024.4,2747.2,706.9,3680.5,3261.2,797.5,648.2,1359.2,75.2,1008.9,3676.2,4313.7,920.1,4305.8,1926.0,2255.5,4888.1,3925.2,800.5,2469.6,3924.7,751.0,2389.4,1874.9,4297.5,2403.7,4264.3,2013.8,2264.2,901.8,909.5,1119.7,900.5,2670.4,1434.4,3365.0,3367.9,967.0,2683.2,2685.5,1791.7,1107.7,3371.5,157.9,966.5,1055.0,2647.8,1043.4,748.5,1085.0,3397.1,1046.6,1091.8,2395.8,4457.7,2535.4,183.7,636.5,1022.6,1345.1,913.1,978.5,3855.6,900.0,1005.6,2579.4,2310.9,4413.6,2046.3,3184.0,3682.6,1403.8,2463.7,2629.9,3462.2,1005.8,3684.7,633.4,877.9,963.7,728.3,3145.4,3380.5,1935.8,964.6,3132.4,2293.9,2397.7,3042.8,1285.4,1301.4,1879.9,1258.3,1002.4,536.9,2294.8,2401.2,0.0,97.6,3076.7,4407.0,927.2,5037.6,998.3,2269.9,2628.0,4417.1,661.4
Tawau,1044.0,1318.0,1330.5,954.0,3392.5,1025.9,2748.8,708.4,3682.1,3262.8,799.0,649.8,1360.8,76.7,1010.5,3677.8,4315.3,921.6,4307.4,1927.5,2257.1,4889.7,3926.8,802.0,2471.2,3926.3,752.6,2390.9,1876.5,4299.1,2405.3,4265.9,2015.3,2265.8,903.3,911.1,1121.2,902.1,2672.0,1435.9,3366.6,3369.5,968.5,2684.8,2687.1,1793.2,1109.2,3373.1,159.4,968.1,1056.5,2649.4,1045.0,750.0,1086.5,3398.7,1048.1,1093.3,2397.4,4459.3,2537.0,185.2,638.0,1024.1,1346.7,914.7,980.1,3857.2,901.5,1007.1,2581.0,2312.5,4415.2,2047.9,3185.6,3684.2,1405.3,2465.3,2631.5,3463.8,1007.3,3686.3,634.9,879.4,965.2,729.8,3147.0,3382.1,1937.4,966.1,3134.0,2295.5,2399.2,3044.4,1286.9,1302.9,1881.5,1259.8,1004.0,538.5,2296.4,2402.8,97.6,0.0,3078.3,4408.5,928.7,5039.1,999.8,2271.4,2629.6,4418.6,663.0
Teluk Bayur,2143.6,1616.1,3155.1,2053.6,2569.9,3211.7,1660.8,2658.0,2434.7,2015.4,3356.5,2599.4,1658.8,3055.9,3196.2,2359.9,3067.9,3107.3,2388.6,780.8,983.7,2327.8,2679.4,3382.7,1648.5,2678.8,3333.3,3030.4,1392.1,3051.7,3044.7,1703.9,2391.3,2905.2,3089.0,3096.8,3306.9,3087.8,1849.3,2928.6,2544.0,2546.9,1872.1,1596.8,1864.5,3109.7,2166.4,2550.5,3138.5,1871.7,3057.3,1583.9,2432.7,3330.8,3087.3,2576.0,3048.8,3094.0,779.9,2540.5,1191.0,3164.4,2587.7,2123.7,1644.7,3100.4,3165.8,3104.9,3087.2,3192.8,1235.0,1489.9,2496.4,871.2,2362.9,2366.4,2793.0,1642.7,1565.9,2618.6,3193.1,2438.9,2584.6,2596.9,3151.0,2679.5,1228.2,2559.4,1252.2,2065.7,2311.4,1472.9,3038.7,2221.7,3552.1,3283.3,1397.1,1557.9,3189.7,2833.0,1473.8,785.3,3076.7,3078.3,0.0,1894.8,3114.4,1882.3,3185.5,2910.9,1564.1,1904.9,2911.5
Thilawa,3158.9,2631.4,4609.5,3068.9,2634.0,4382.7,1382.9,4112.4,2719.9,2467.2,4639.3,4053.8,2674.1,4386.1,4367.2,2446.5,3353.0,4278.3,1035.9,2310.9,2771.2,2253.8,2964.6,4553.7,1420.8,2964.0,4504.3,3315.6,2540.4,3336.9,3329.9,1629.9,2477.9,3190.4,4260.0,4267.8,4477.9,4258.8,1935.9,4383.0,2608.1,2611.0,2887.4,1318.9,1951.1,4564.1,2618.3,2614.6,4468.8,2887.0,4225.3,1306.0,3887.1,4501.8,4255.2,2640.1,4216.8,4262.0,2310.0,1187.8,1850.7,4494.6,4042.1,3139.0,2660.0,4271.4,4336.8,3390.1,4258.2,4363.8,1894.6,1576.4,1143.6,2658.7,2427.0,2453.0,4247.4,1414.9,1288.0,2682.7,4364.1,2724.1,4039.0,3767.9,4322.0,4133.9,950.3,2623.5,3039.7,3081.0,2398.0,1559.4,3323.9,2285.8,5006.5,4341.9,2545.4,2573.2,4360.7,4287.4,1560.3,2315.4,4407.0,4408.5,1894.8,0.0,3849.7,1586.6,3920.8,3196.1,1286.2,166.1,3646.8
Toledo (Philippines),1637.0,1911.0,1510.2,1547.0,3428.6,721.0,2784.9,1301.3,3299.1,1695.5,978.7,1242.7,1953.7,906.3,287.5,3487.8,3932.3,198.6,4343.5,2638.5,2871.4,4925.8,3543.8,890.0,2507.3,3543.3,840.6,3894.8,2095.9,3916.1,3909.2,4302.0,3519.2,3769.7,180.3,550.0,398.2,179.1,2708.1,1615.6,3402.7,3405.6,1561.5,2720.9,2723.2,1972.9,986.1,3409.2,989.0,1561.0,804.0,2685.5,1637.9,838.1,833.9,3434.8,795.5,840.7,2433.5,4495.4,2573.1,1014.8,1230.9,1617.1,1939.6,191.7,257.1,3893.3,178.5,702.2,2617.1,2348.6,4451.3,2758.9,3221.7,3494.3,1998.2,2501.4,2667.6,3499.9,702.4,3303.3,1227.9,756.2,242.3,1322.8,3183.1,3418.2,2551.7,1559.0,3170.1,2331.6,3903.1,3080.5,1378.1,1050.4,2100.9,1852.7,281.0,1131.4,2332.5,2438.9,927.2,928.7,3114.4,3849.7,0.0,4916.0,276.8,3775.3,2665.7,4295.5,421.9
Trincomalee,3789.5,3262.0,5240.1,3699.5,3264.6,5013.3,2013.4,4743.0,3350.5,3097.8,5269.9,4684.4,3304.7,5016.7,4997.8,3077.1,3983.6,4908.9,1539.5,2941.5,3401.8,930.8,3595.2,5184.3,2051.4,3594.6,5134.9,3946.2,3089.7,3967.5,3960.5,306.9,3108.5,3821.0,4890.6,4898.4,5108.5,4889.4,2566.5,5013.6,3238.7,3241.6,3518.0,1949.5,2581.7,5194.7,3248.9,3245.2,5099.4,3517.6,4855.9,1936.6,4517.7,5132.4,4885.8,3270.7,4847.4,4892.6,2940.6,1538.2,2481.3,5125.2,4672.7,3769.6,3290.6,4902.0,4967.4,4020.7,4888.8,4994.4,2525.2,2207.0,1494.0,3289.3,3057.6,3083.6,4878.0,2045.5,1918.6,3313.3,4994.7,3354.7,4669.6,4398.5,4952.6,4764.5,1580.9,3254.1,3670.3,3711.6,3028.6,2190.0,3954.5,2916.4,5637.1,4972.5,3094.7,3203.8,4991.3,4918.0,2190.9,2946.0,5037.6,5039.1,1882.3,1586.6,4916.0,0.0,4551.4,3826.7,1916.8,1596.7,4277.4
Villanueva (Mindanao Island),1708.1,1982.1,1572.9,1618.1,3499.7,792.1,2856.0,1372.4,3370.2,1766.6,1041.4,1313.8,2024.8,977.4,154.1,3558.9,4003.4,269.7,4414.6,2709.6,2942.5,4996.9,3614.9,756.6,2578.4,3614.4,707.2,3965.9,2167.0,3987.2,3980.3,4373.1,3590.3,3840.8,251.4,621.1,264.8,250.2,2779.2,1678.3,3473.8,3476.7,1632.6,2792.0,2794.3,2035.7,1057.2,3480.3,1060.0,1632.1,875.1,2756.6,1709.0,704.6,905.0,3505.9,866.6,911.8,2504.6,4566.5,2644.2,1085.9,1302.1,1688.2,2010.7,262.8,123.7,3964.4,249.6,773.3,2688.2,2419.7,4522.4,2830.0,3292.8,3565.4,2069.3,2572.5,2738.7,3571.0,773.5,3374.4,1299.0,827.3,108.9,1393.9,3254.2,3489.3,2622.8,1630.2,3241.2,2402.7,3974.2,3151.6,1332.9,1121.5,2172.0,1923.8,147.6,1202.5,2403.6,2510.0,998.3,999.8,3185.5,3920.8,276.8,4551.4,0.0,3846.4,2736.8,4366.6,493.0
Vung Ang,2979.7,2481.0,3821.1,2889.7,1688.3,3872.5,2131.3,2644.1,749.6,1682.8,3507.7,2585.5,2523.7,2249.0,3857.1,938.3,323.0,3768.2,3689.9,2230.9,2691.2,4272.2,351.3,3552.6,1853.7,350.8,3503.2,285.5,2390.0,306.9,299.9,3648.4,969.7,160.4,3749.9,3757.6,3967.8,3748.6,1646.4,3594.6,1662.4,1665.2,2737.0,2067.3,1661.6,3892.5,1391.1,1668.8,2331.7,2736.6,3903.1,2032.0,2826.8,3500.7,3933.1,1694.4,3894.7,1387.7,2230.0,3841.8,1969.3,2357.5,2573.7,2959.8,2509.6,3761.2,3826.7,360.1,3748.1,3853.7,2013.3,1695.0,3797.7,2578.7,1616.7,944.7,3459.0,1847.8,2014.0,2846.3,3853.9,753.8,2570.6,1630.8,3811.8,2665.5,2529.5,1677.8,2959.7,2901.8,1344.4,1678.1,293.9,1475.4,4037.5,4149.5,2395.0,2422.8,3850.6,2474.2,1678.9,2235.4,2269.9,2271.4,2910.9,3196.1,3775.3,3826.7,3846.4,0.0,2012.2,3206.2,3477.0
Westport (Malaysia),1975.0,1447.5,2706.4,1885.0,1472.5,2763.0,221.4,2209.3,1536.0,1283.3,2907.8,2150.7,1490.2,2607.2,2747.5,1262.6,2169.1,2658.6,1780.0,1127.0,1587.3,2362.3,1780.6,2934.0,259.3,1780.1,2884.6,2131.6,1356.5,2152.9,2146.0,1738.4,1294.0,2006.5,2640.3,2648.1,2858.2,2639.1,752.0,2479.9,1446.6,1449.5,1703.5,157.4,767.1,2661.0,1434.3,1453.1,2689.8,1703.1,2608.6,144.5,1984.0,2882.1,2638.6,1478.7,2600.1,2645.3,1126.1,1931.9,666.7,2715.7,2139.0,1955.0,1476.1,2651.7,2717.1,2206.2,2638.5,2744.1,710.7,392.5,1887.8,1474.8,1265.6,1269.0,2344.3,253.4,126.6,1521.3,2744.4,1540.2,2135.9,2148.2,2702.3,2230.8,619.6,1462.1,1855.8,1897.0,1214.0,375.5,2140.0,1124.3,3103.4,2834.6,1361.4,1389.3,2741.0,2384.3,376.4,1131.5,2628.0,2629.6,1564.1,1286.2,2665.7,1916.8,2736.8,2012.2,0.0,1296.3,2462.8
Yangon,3169.0,2641.5,4619.6,3079.0,2644.1,4392.8,1392.9,4122.5,2730.0,2477.3,4649.4,4063.9,2684.2,4396.2,4377.3,2456.6,3363.1,4288.4,1046.0,2321.0,2781.3,2263.9,2974.7,4563.8,1430.9,2974.1,4514.4,3325.7,2550.5,3347.0,3340.0,1640.0,2488.0,3200.5,4270.1,4277.9,4488.0,4268.9,1946.0,4393.1,2618.2,2621.0,2897.5,1329.0,1961.2,4574.2,2628.4,2624.7,4478.9,2897.1,4235.4,1316.1,3897.2,4511.9,4265.3,2650.2,4226.9,4272.1,2320.1,1197.8,1860.8,4504.7,4052.2,3149.1,2670.1,4281.5,4346.9,3400.2,4268.3,4373.9,1904.7,1586.5,1153.7,2668.8,2437.1,2463.1,4257.5,1425.0,1298.1,2692.8,4374.2,2734.2,4049.1,3778.0,4332.1,4144.0,960.4,2633.6,3049.8,3091.1,2408.1,1569.5,3334.0,2295.9,5016.6,4352.0,2555.5,2583.3,4370.8,4297.5,1570.4,2325.5,4417.1,4418.6,1904.9,166.1,4295.5,1596.7,4366.6,3206.2,1296.3,0.0,3656.9
Zamboanga,1338.7,1612.7,1116.9,1248.7,3225.7,611.4,2582.0,1003.1,3000.8,1492.6,585.5,944.5,1655.4,640.6,503.7,3189.5,3634.0,414.7,4140.6,2340.2,2573.1,4722.9,3245.5,499.9,2304.4,3245.0,450.5,3596.5,1797.6,3617.8,3610.9,4099.1,3220.9,3471.4,396.5,440.4,614.4,395.2,2505.2,1222.3,3199.8,3202.7,1263.2,2518.0,2520.3,1579.7,783.1,3206.3,723.2,1262.8,694.3,2482.6,1339.6,447.9,724.3,3231.9,685.9,731.1,2230.6,4292.5,2370.2,749.1,932.7,1318.8,1641.3,407.8,473.3,3690.4,394.6,592.6,2414.2,2145.7,4248.4,2460.6,3018.8,3196.0,1640.2,2298.5,2464.7,3297.0,592.8,3005.0,929.6,553.3,458.4,1024.5,2980.2,3215.3,2253.4,1260.8,2967.2,2128.7,3604.8,2877.6,984.8,940.7,1802.6,1554.5,497.2,833.1,2129.6,2236.0,661.4,663.0,2911.5,3646.8,421.9,4277.4,493.0,3477.0,2462.8,3656.9,0.0
